headword,source_headword_line,pdf_page,printed_page,anchor,head_confidence,persian_ocr_confidence,embedded_headword
Babeufism,Babeufism,42,41,babeufism,92.9,80.0,Babeufism
Babism,Babism,42,41,babism,91.5,72.2,Bablsm
baby,baby,42,41,baby,96.9,0.0,baby
baby-boom,baby-boom,42,41,baby-boom,92.1,39.7,baby-boom
baby boomer,baby boomer,42,41,baby-boomer,96.8,61.4,baby boomer
babyhood,babyhood,42,41,babyhood,92.4,69.2,babyhood
babyism,babyism,42,41,babyism,92.5,61.9,babyism
Babylonian,Babylonian,42,41,babylonian,91.8,90.6,Babylonian
baby talk,baby talk,42,41,baby-talk,96.8,24.7,baby talk
bacchanal,bacchanal,42,41,bacchanal,92.3,60.5,bacchanal
bacchanalia,bacchanalia,42,41,bacchanalia,85.3,73.0,bacchanalia
bacchanalian .Y,bacchanalian .Y,42,41,bacchanalian-y,65.1,66.3,bacchanalian .r
bacchant,bacchant,42,41,bacchant,92.6,61.6,bacchant
Bacchic,Bacchic,42,41,bacchic,93.2,42.3,Bacchic
bacillophobia,bacillophobia,42,41,bacillophobia,90.9,55.1,bacillophobia
backcountry,backcountry,42,41,backcountry,96.4,85.3,backcountry
backformation,backformation,42,41,backformation,91.4,74.5,backformation
background,background,42,41,background,96.9,56.2,background
back-reference,back-reference,42,41,back-reference,82.3,0,back-reference
backroom politician,backroom politician,42,41,backroom-politician,81.8,61.1,backroom politician
backroom politics,backroom politics,42,41,backroom-politics,84.5,76.2,backroom politics
back sounds,back sounds,42,41,back-sounds,78.2,58.3,back sounds
back vowels,back vowels,42,41,back-vowels,83.5,57.0,back vowels
backward,backward,42,41,backward,35.2,68.5,backward
backward association,backward association,42,41,backward-association,71.9,57.6,backward association
backwardness,backwardness,42,41,backwardness,72.2,42.2,backwardness
backwater,backwater,42,41,backwater,79.5,23.6,backwater
Baconian,Baconian,42,41,baconian,53.2,85.0,Baconian
bad conscience,bad conscience,42,41,bad-conscience,86.3,54.7,bad conscience
Bahai,Bahai,42,41,bahai,86.2,60.9,Bahai
Bahaist Bahai,Bahaist Bahai,42,41,bahaist-bahai,82.0,0,Bahaist Bahai
Bakuninism,Bakuninism,42,41,bakuninism,64.5,82.4,Bakuninism
balance,balance,42,41,balance,85.2,71.6,balance
balanced,balanced,42,41,balanced,79.3,82.4,balanced
balance of payments,balance of payments,42,41,balance-of-payments,92.1,88.6,balance of payments
balance of power,balance of power,43,42,balance-of-power,96.2,0,balance of power
balance of terror,balance of terror,43,42,balance-of-terror,96.6,0,balance of terror
balance of trade,balance of trade,43,42,balance-of-trade,96.2,0,balance of trade
balance sheet,balance sheet,43,42,balance-sheet,96.7,0,balance sheet
balancing,balancing,43,42,balancing,96.4,63.9,balancing
Balinese,Balinese,43,42,balinese,96.9,90.0,Balinese
Balkanization,Balkanization,43,42,balkanization,75.9,82.7,Balkanization
Balkanized,Balkanized,43,42,balkanized,91.9,72.7,Balkanized
Balkanizing,Balkanizing,43,42,balkanizing,44.5,83.9,Balkanizing
ballad,ballad,43,42,ballad,92.8,78.1,ballad
balladeer,balladeer,43,42,balladeer,90.3,91.5,balladeer
balladic,balladic,43,42,balladic,91.2,91.2,balladic
balladist,balladist,43,42,balladist,92.6,33.7,balladist
balladry,balladry,43,42,balladry,40.9,56.5,balladry
ballet,ballet,43,42,ballet,96.7,92.0,ballet
balietomane,balietomane,43,42,balietomane,68.0,33.7,balletomane
balletomania,balletomania,43,42,balletomania,92.3,45.1,balletomania
ballistophobia,ballistophobia,43,42,ballistophobia,92.3,69.9,ballistophobia
ballot,ballot,43,42,ballot,95.3,69.4,ballot
balneologist,balneologist,43,42,balneologist,85.7,76.5,balneologist
balneology,balneology,43,42,balneology,43.2,56.1,balneology
balneotherapy,balneotherapy,43,42,balneotherapy,72.1,89.7,balneotherapy
Baltic,Baltic,43,42,baltic,77.3,82.8,Baltic
Balto-Slavic,Balto-Slavic,43,42,balto-slavic,92.7,50.3,Balto-Slavic
Baluchi,Baluchi,43,42,baluchi,96.6,91.5,Baluchl
band,band,43,42,band,96.9,76.2,band
bandit,bandit,43,42,bandit,96.6,82.6,bandit
banditry,banditry,43,42,banditry,92.6,77.8,banditry
bandwagon fallacy,bandwagon fallacy,43,42,bandwagon-fallacy,96.4,76.1,bandwagon fallacy
banishment,banishment,43,42,banishment,95.9,37.0,banishment
bank,bank,43,42,bank,96.8,92.2,bank
bankable,bankable,43,42,bankable,91.9,76.7,bankable
bank account,bank account,43,42,bank-account,96.4,71.7,bank account
banker,banker,43,42,banker,96.4,75.7,banker
bank holiday,bank holiday,43,42,bank-holiday,68.5,58.7,bank holiday
banking,banking,43,42,banking,43.7,91.9,banking
bank note,bank note,43,42,bank-note,64.8,87.8,bank note
bank paper,bank paper,43,42,bank-paper,94.2,32.6,bank paper
bank rate,bank rate,43,42,bank-rate,83.9,89.5,bank rate
bankrupt,bankrupt,43,42,bankrupt,77.1,89.1,bankrupt
bankruptcy,bankruptcy,43,42,bankruptcy,92.7,86.1,bankruptcy
banner,banner,43,42,banner,89.4,76.4,banner
banquet (Fr.),banquet (Fr.),43,42,banquet-fr,65.3,84.4,banquet (Fr.)
Bantu,Bantu,43,42,bantu,83.5,79.6,Bantu
baptism,baptism,43,42,baptism,85.4,64.8,baptism
baptismal,baptismal,43,42,baptismal,89.3,74.0,baptismal
baptismal name,baptismal name,43,42,baptismal-name,88.9,93.3,baptismal name
baptist,baptist,43,42,baptist,77.8,65.1,baptist
baptistery,baptistery,43,42,baptistery,53.2,86.3,baptistery
baptistry baptistery,baptistry baptistery,43,42,baptistry-baptistery,79.7,0,baptistry baptistery
barbarian,barbarian,43,42,barbarian,89.0,53.1,barbarian
barbarianism barbarism,barbarianism barbarism,43,42,barbarianism-barbarism,80.7,0,barbarianism barbarism
barbaric,barbaric,43,42,barbaric,29.1,85.9,barbaric
barbarism,barbarism,43,42,barbarism,93.2,63.7,barbarism
barbarous,barbarous,43,42,barbarous,87.4,83.1,barbarous
bar chart,bar chart,43,42,bar-chart,79.2,53.7,bar chart
bard,bard,43,42,bard,75.3,80.5,bard
bar diagram,bar diagram,44,43,bar-diagram,96.2,65.8,bar diagram
bargain,bargain,44,43,bargain,96.8,86.1,bargain
bargaining,bargaining,44,43,bargaining,96.3,76.9,bargaining
bargaining power,bargaining power,44,43,bargaining-power,96.8,70.0,bargaining power
baron,baron,44,43,baron,96.6,62.3,baron
baronage,baronage,44,43,baronage,92.4,63.8,baronage
baroness,baroness,44,43,baroness,93.0,82.0,baroness
baronet,baronet,44,43,baronet,96.9,88.9,baronet
baronetage,baronetage,44,43,baronetage,91.9,81.9,baronetage
baronetcy,baronetcy,44,43,baronetcy,91.5,71.5,baronetcy
baronial,baronial,44,43,baronial,96.6,69.3,baronial
barony,barony,44,43,barony,95.7,60.8,barony
baroque,baroque,44,43,baroque,97.0,58.3,baroque
barrier,barrier,44,43,barrier,97.0,75.0,barrier
barrio (Sp.>Ar),barrio (Sp.>Ar),44,43,barrio-sp-ar,62.6,73.1,barrio (Sp.>Ar.)
barrow,barrow,44,43,barrow,96.6,83.0,barrow
bartering,bartering,44,43,bartering,96.2,29.6,bartering
barylalia,barylalia,44,43,barylalia,91.2,0,barylalia
baryphonia,baryphonia,44,43,baryphonia,91.2,66.6,baryphonia
baryphony,baryphony = baryphonia,44,43,baryphony,91.5,0,baryphony = baryphonia
base,base,44,43,base,96.9,82.2,base
base line,base line,44,43,base-line,96.3,57.9,base line
base map,base map,44,43,base-map,96.1,80.5,base map
base price,base price,44,43,base-price,95.5,86.3,base price
base year,base year,44,43,base-year,96.4,82.6,base year
bashaw (Turk.),bashaw (Turk.),44,43,bashaw-turk,92.2,90.0,bashaw (Turk.)
bashful,bashful,44,43,bashful,96.7,42.9,bashful
bashfulness,bashfulness,44,43,bashfulness,58.0,76.5,bashfulness
basic education,basic education,44,43,basic-education,96.2,88.7,basic education
basic necessities,basic necessities,44,43,basic-necessities,95.5,86.4,basic necessities
basic personality,basic personality,44,43,basic-personality,87.5,52.0,basic personality
basic vocabulary,basic vocabulary,44,43,basic-vocabulary,88.2,0,basic vocabulary
basilect,basilect,44,43,basilect,62.2,0,basilect
basilectal,basilectal,44,43,basilectal,32.7,0,basilectal
basis,basis,44,43,basis,44.6,91.4,basis
basophobia,basophobia,44,43,basophobia,65.8,52.0,basophobia
Basque,Basque,44,43,basque,96.2,82.2,Basque
bas-relief,bas-relief,44,43,bas-relief,62.6,59.6,bas-relief
bastard,bastard,44,43,bastard,77.1,88.1,bastard
bastardy,bastardy,44,43,bastardy,95.3,92.0,bastardy
bastile,bastile = bastille,44,43,bastile,73.0,0,bastile = bastille
bastille,bastille,44,43,bastille,45.7,68.5,bastille
bastion,bastion,44,43,bastion,85.4,67.7,bastion
bathophobia,bathophobia,44,43,bathophobia,85.6,84.9,bathophobia
bathos,bathos,44,43,bathos,63.0,84.1,bathos
battle,battle,44,43,battle,92.4,7.4,battle
battle fatigue,battle fatigue,44,43,battle-fatigue,82.8,78.1,battle fatigue
battlefield,battlefield,44,43,battlefield,96.7,57.6,battlefleld
battlefront,battlefront,44,43,battlefront,52.4,72.0,battlefront
battleground,battleground,44,43,battleground,96.6,84.1,battleground
Bauhaus,Bauhaus,44,43,bauhaus,89.7,36.6,Bauhaus
Bavarian,Bavarian,44,43,bavarian,96.5,86.2,Bavarian
bazaar bazar,bazaar bazar,44,43,bazaar-bazar,95.0,0,bazaar bazar
bazar (Pers.),bazar (Pers.),44,43,bazar-pers,89.2,92.6,bazar (Pers.)
beast,beast,44,43,beast,83.2,75.5,beast
beast soul,beast soul,44,43,beast-soul,93.3,85.2,beast soul
beat,beat,44,43,beat,85.1,88.9,beat
beatific,beatific,44,43,beatific,63.3,82.4,beatific
beatification,beatification,44,43,beatification,48.1,86.8,beatification
beatitude,beatitude,44,43,beatitude,50.0,83.9,beatitude
beat reporter,beat reporter,45,44,beat-reporter,96.2,84.3,beat reporter
beautician,beautician,45,44,beautician,97.0,74.2,beautician
beautification,beautification,45,44,beautification,96.2,67.2,beautification
beauteous,beauteous,45,44,beauteous,91.7,61.4,beauteous
beautiousness,beautiousness,45,44,beautiousness,92.6,0,beautiousness
beauty,beauty,45,44,beauty,96.7,0,beauty
beaux-arts (Fr.),beaux-arts (Fr.),45,44,beaux-arts-fr,92.1,0,beaux-arts (Fr.)
beaux esprits (Fr.),beaux esprits (Fr.),45,44,beaux-esprits-fr,92.6,0,beaux esprits (Fr.)
Bechuana,Bechuana,45,44,bechuana,91.0,86.4,Bechuana
becoming,becoming,45,44,becoming,96.2,45.9,becoming
bedlam,bedlam,45,44,bedlam,78.9,66.4,bedlam
bedlamite,bedlamite,45,44,bedlamite,52.4,73.7,bed la mite
Bedouin,Bedouin,45,44,bedouin,97.0,64.3,Bedouin
Beduin,Beduin = Bedouin,45,44,beduin,94.6,0,Beduin = Bedouin
beggar,beggar,45,44,beggar,96.8,70.8,beggar
beggarliness,beggarliness,45,44,beggarliness,90.5,59.6,beggarliness
beggarly,beggarly,45,44,beggarly,90.9,62.3,beggarly
beggary,beggary,45,44,beggary,59.5,70.9,beggary
begging the question,begging the question,45,44,begging-the-question,96.4,91.3,begging the question
beginner,beginner,45,44,beginner,96.6,46.6,beginner
beginning,beginning,45,44,beginning,95.8,89.4,beginning
begum (Turk.),begum (Turk.),45,44,begum-turk,92.0,87.7,begum (Turk.)
behavior,behavior,45,44,behavior,96.4,84.2,behavior
behavioral,behavioral,45,44,behavioral,96.9,85.9,behavioral
behavioral dispositions,behavioral dispositions,45,44,behavioral-dispositions,94.8,90.4,behavioral dispositions
behavioralism,behavioralism,45,44,behavioralism,91.4,74.9,behavioral ism
behavioralist,behavioralist,45,44,behavioralist,92.5,85.1,behavioralist
behavioral science,behavioral science,45,44,behavioral-science,96.4,88.3,behavioral science
behavioral scientist,behavioral scientist,45,44,behavioral-scientist,96.5,91.9,behavioral scientist
behavior clinic,behavior clinic,45,44,behavior-clinic,96.9,91.9,behavior clinic
behaviorism,behaviorism,45,44,behaviorism,92.9,80.8,behaviorism
behaviorist,behaviorist,45,44,behaviorist,86.5,80.7,behaviorist
behavioristic,behavioristic,45,44,behavioristic,75.4,86.2,behavioristic
behaviorist psychology,behaviorist psychology,45,44,behaviorist-psychology,93.0,70.3,behaviorist psychology
behavior modification,behavior modification,45,44,behavior-modification,93.9,66.3,behavior modification
behavior modifier,behavior modifier,45,44,behavior-modifier,96.2,81.4,behavior modifier
behavior object,behavior object,45,44,behavior-object,96.6,77.3,behavior object
behavior pattern,behavior pattern,45,44,behavior-pattern,96.6,90.9,behavior pattern
behavior patterning,behavior patterning,45,44,behavior-patterning,96.6,92.3,behavior patterning
behavior problem,behavior problem,45,44,behavior-problem,90.2,81.1,behavior problem
behavior process,behavior process,45,44,behavior-process,87.8,57.5,behavior process
behavior rating,behavior rating,45,44,behavior-rating,90.6,90.9,behavior rating
behavior repertoire,behavior repertoire,45,44,behavior-repertoire,94.7,65.9,behavior repertoire
behavior shaping,behavior shaping,45,44,behavior-shaping,96.5,88.0,behavior shaping
behavior space,behavior space,45,44,behavior-space,88.6,91.6,behavior space
behavior stream,behavior stream,45,44,behavior-stream,96.8,90.3,behavior stream
behavior therapy,behavior therapy,45,44,behavior-therapy,88.4,78.5,behavior therapy
behavior unit,behavior unit,45,44,behavior-unit,75.5,92.7,behavior unit
behaviour behavior,behaviour behavior,45,44,behaviour-behavior,95.9,0,behaviour behavior
being,being,45,44,being,88.7,82.3,being
being-in-the-world,being-in-the-world,45,44,being-in-the-world,27.0,87.6,being-in-the-world
being-to-death,being-to-death,45,44,being-to-death,63.6,64.2,being-to-death
bel-esprit (Fr.),bel-esprit (Fr.),45,44,bel-esprit-fr,64.6,45.1,bel-esprit (Fr.)
Belgian,Belgian,45,44,belgian,93.2,90.1,Belgian
Belgic,Belgic,45,44,belgic,63.2,75.2,Belgic
believer,believer,45,44,believer,50.9,53.2,believer
belle époque (Fr.),belle époque (Fr.),45,44,belle-poque-fr,85.0,45.0,belle epoque (Fr.)
belles-lettres (Fr.),belles-lettres (Fr.),45,44,belles-lettres-fr,64.3,80.6,belles-lettres (Fr.)
belletrism,belletrism,45,44,belletrism,0.0,86.8,belletrism
belletrist,belletrist,46,45,belletrist,93.0,79.3,belletrist
belletristic,belletristic,46,45,belletristic,91.3,86.9,belletristic
bellicose,bellicose,46,45,bellicose,92.0,24.0,bellicose
bellicoseness,bellicoseness = bellicosity,46,45,bellicoseness,90.7,0,bellicoseness = bellicosity
bellicosity,bellicosity,46,45,bellicosity,92.1,91.1,bellicosity
belligerency,belligerency,46,45,belligerency,91.9,84.0,belligerency
belligerent,belligerent,46,45,belligerent,96.8,80.5,belligerent
benchmark,benchmark,46,45,benchmark,96.7,10.4,benchmark
bench parole,bench parole = probation,46,45,bench-parole,96.2,0,bench parole = probation
benedict,benedict,46,45,benedict,96.5,76.3,benedict
Benedictine,Benedictine,46,45,benedictine,91.2,87.9,Benedictine
benediction,benediction,46,45,benediction,96.9,69.0,benediction
benedictive,benedictive,46,45,benedictive,92.0,90.1,benedictive
benedictory,benedictory,46,45,benedictory,92.6,89.0,benedictory
benefaction,benefaction,46,45,benefaction,92.8,83.6,benefaction
benefactor,benefactor,46,45,benefactor,96.9,74.1,benefactor
benefic,benefic,46,45,benefic,93.1,83.4,benefic
benefice,benefice,46,45,benefice,97.0,59.4,benefice
beneficence,beneficence,46,45,beneficence,91.5,85.3,beneficence
beneficent,beneficent,46,45,beneficent,96.3,81.9,beneficent
beneficial,beneficial,46,45,beneficial,95.0,86.5,beneficial
beneficiary,beneficiary,46,45,beneficiary,95.8,74.4,beneficiary
benefit,benefit,46,45,benefit,96.8,75.2,benefit
benefit-cost ratio,benefit-cost ratio,46,45,benefit-cost-ratio,96.8,72.7,benefit-cost ratio
benefit of clergy,benefit of clergy,46,45,benefit-of-clergy,89.2,59.7,benefit of clergy
benevolence,benevolence,46,45,benevolence,96.3,62.4,benevolence
benevolent,benevolent,46,45,benevolent,90.0,69.2,benevolent
Bengali,Bengali,46,45,bengali,96.6,79.9,Bengali
benighted,benighted,46,45,benighted,92.2,77.7,benighted
benightedness,benightedness,46,45,benightedness,63.9,78.1,benightedness
benign,benign,46,45,benign,82.2,74.3,benign
benignancy,benignancy = benignity,46,45,benignancy,90.4,0,benignancy = benignity
benignant,benignant,46,45,benignant,29.2,75.2,benignant
benignity,benignity,46,45,benignity,66.3,68.9,benignity
benison,benison,46,45,benison,80.3,81.1,benison
Benthamism,Benthamism,46,45,benthamism,91.8,0.0,Benthamism
Benthamite,Benthamite,46,45,benthamite,34.5,9.9,Benthamite
bequeathal,bequeathal,46,45,bequeathal,71.3,30.3,bequeathal
bequeather,bequeather,46,45,bequeather,64.9,62.7,bequeather
bequeathment,bequeathment,46,45,bequeathment,56.3,72.6,bequeathment
bequest,bequest,46,45,bequest,90.1,65.4,bequest
Berber,Berber,46,45,berber,82.8,76.2,Berber
berdache,berdache,46,45,berdache,60.7,65.4,berdache
Bergsonism,Bergsonism,46,45,bergsonism,70.2,89.4,Bergsonism
Berkeleian,Berkeleian,46,45,berkeleian,50.4,88.2,Berkeleian
Berkeleianism,Berkeleianism,46,45,berkeleianism,41.8,22.8,Berkeleianism
bestial,bestial,46,45,bestial,15.9,79.9,bestial
bestiality,bestiality,46,45,bestiality,88.4,67.6,bestiality
bestial soul,bestial soul,46,45,bestial-soul,81.0,77.3,bestial soul
bestiary,bestiary,46,45,bestiary,68.7,93.0,bestiary
bestowal,bestowal = bestowment,46,45,bestowal,84.2,0,bestowal = bestowment
bestowment,bestowment,46,45,bestowment,66.6,40.5,bestowment
best seller,best seller,46,45,best-seller,73.5,45.8,best seller
bethel,bethel,46,45,bethel,62.8,83.3,bethel
betrayal,betrayal,46,45,betrayal,0.0,76.8,betrayal
betrothal,betrothal,46,45,betrothal,29.0,90.7,betrothal
betrothed,betrothed,46,45,betrothed,72.6,92.3,betrothed
bewitchment,bewitchment,47,46,bewitchment,91.7,67.6,bewitchment
Bhutanese,Bhutanese,47,46,bhutanese,96.6,84.8,Bhutanese
biannual,biannual,47,46,biannual,96.1,41.1,biannual
bias,bias,47,46,bias,40.5,60.7,bias
biased,biased,47,46,biased,77.3,73.6,biased
biased sampling,biased sampling,47,46,biased-sampling,96.4,48.5,biased sampling
Bible,Bible,47,46,bible,97.0,28.8,Bible
Biblical; biblical,Biblical; biblical,47,46,biblical-biblical,96.6,61.6,Biblical; biblical
Biblical religion,Biblical religion,47,46,biblical-religion,96.5,63.6,Biblical religion
Biblical theology,Biblical theology,47,46,biblical-theology,96.6,51.7,Biblical theology
Biblicism,Biblicism,47,46,biblicism,91.9,60.1,Biblicism
Biblicist,Biblicist,47,46,biblicist,92.3,66.0,Biblicist
bibliofilm,bibliofilm,47,46,bibliofilm,86.4,82.9,bibliofilm
bibliographer,bibliographer,47,46,bibliographer,91.4,63.8,bibliographer
bibliography,bibliography,47,46,bibliography,95.9,61.4,bibliography
biblioklept,biblioklept,47,46,biblioklept,92.6,4.2,biblioklept
bibliokleptomania,bibliokleptomania,47,46,bibliokleptomania,91.5,44.7,bibliokleptomania
bibliolater,bibliolater,47,46,bibliolater,93.0,70.9,bibliolater
bibliolatrous,bibliolatrous,47,46,bibliolatrous,91.7,61.8,bibliolatrous
bibliolatry,bibliolatry,47,46,bibliolatry,88.7,83.8,bibliolatry
bibliology,bibliology,47,46,bibliology,88.8,62.3,blbliology
bibliomancy,bibliomancy,47,46,bibliomancy,92.2,68.9,bibliomancy
bibliomane bibliomaniac,bibliomane bibliomaniac,47,46,bibliomane-bibliomaniac,92.1,0,bibliomane bibliomaniac
bibliomania,bibliomania,47,46,bibliomania,91.5,55.6,blbliomania
bibliomaniac,bibliomaniac,47,46,bibliomaniac,80.9,56.8,bibliomaniac
bibliomaniacal,bibliomaniacal,47,46,bibliomaniacal,31.0,33.3,bibliomaniacal
bibliophage,bibliophage,47,46,bibliophage,65.6,85.4,blbliophage
bibliophil bibliophile,bibliophil bibliophile,47,46,bibliophil-bibliophile,66.8,0,blbliophil = bibliophile
bibliophile,bibliophile,47,46,bibliophile,41.7,84.5,bibliophile
bibliophilism,bibliophilism,47,46,bibliophilism,31.5,85.7,bibliophilism
bibliophilist,bibliophilist = bibliophile,47,46,bibliophilist,78.4,0.0,bibliophilist = bibliophile
bibliophilistic,bibliophilistic,47,46,bibliophilistic,74.3,85.4,bibliophilistic
bibliophily,bibliophily = bibliophilism,47,46,bibliophily,71.0,9.3,bibliophily = bibliophilism
bibliophobe,bibliophobe,47,46,bibliophobe,90.3,89.3,blbliophobe
bibliophobia,bibliophobia,47,46,bibliophobia,53.2,48.6,bibliophobia
bibliophobic,bibliophobic,47,46,bibliophobic,91.3,89.8,bibliophobic
bibliopole,bibliopole,47,46,bibliopole,31.0,68.8,bibliopole
bibliopolist,bibliopolist = bibliopole,47,46,bibliopolist,46.2,0,bibliopolist = bibliopole
bibliotheca,bibliotheca,47,46,bibliotheca,81.7,68.4,bibliotheca
bibliotherapy,bibliotherapy,47,46,bibliotherapy,59.5,55.5,bibliotherapy
bibliotics,bibliotics,47,46,bibliotics,28.8,91.3,bibliotics
Biblism Biblicism,Biblism Biblicism,47,46,biblism-biblicism,69.5,0,Biblism Biblicism
Biblist,Biblist = Biblicist,47,46,biblist,77.4,0,Biblist = Biblicist
bicameral,bicameral,47,46,bicameral,80.4,90.4,bicameral
bicameralism,bicameralism,47,46,bicameralism,44.4,91.2,bicameralism
bicentenary bicentennial,bicentenary bicentennial,47,46,bicentenary-bicentennial,70.7,0,bicentenary blcentennial
bicentennial,bicentennial,47,46,bicentennial,37.7,46.3,bicentennial
bicontinental,bicontinental,47,46,bicontinental,28.5,82.5,bicontinental
bicultural,bicultural,47,46,bicultural,66.0,65.3,bicultural
biculturalism,biculturalism,47,46,biculturalism,27.0,90.3,biculturalism
bidisciplinary,bidisciplinary,47,46,bidisciplinary,75.5,90.4,bidisciplinary
biennial,biennial,47,46,biennial,72.7,80.6,biennial
biennium,biennium,47,46,biennium,35.5,92.3,biennium
blfactor,blfactor,47,46,blfactor,25.9,51.4,blfactor
bifurcation,bifurcation,47,46,bifurcation,59.5,91.8,bifurcation
bigamist,bigamist = bigamous,47,46,bigamist,92.2,0,bigamist = bigamous
bigamous,bigamous,47,46,bigamous,56.4,81.2,bigamous
bigamy,bigamy,48,47,bigamy,96.7,84.3,bigamy
big bang,big bang,48,47,big-bang,96.2,71.3,big bang
Big Brother,Big Brother,48,47,big-brother,96.4,86.6,Big Brother
Big Brotherism,Big Brotherism,48,47,big-brotherism,92.8,80.4,Big Brotherism
big business,big business,48,47,big-business,96.9,70.4,big business
bigender,bigender,48,47,bigender,91.7,32.5,bigender
bigot,bigot,48,47,bigot,96.8,53.5,bigot
bigoted,bigoted,48,47,bigoted,97.0,53.3,bigoted
bigotry,bigotry,48,47,bigotry,97.0,63.9,bigotry
big science,big science,48,47,big-science,96.8,41.1,big science
Bihari,Bihari,48,47,bihari,95.7,80.0,Bihari
bilabial,bilabial,48,47,bilabial,96.4,69.1,bilabial
bilateral,bilateral,48,47,bilateral,96.8,65.6,bilateral
bilateralism,bilateralism,48,47,bilateralism,76.4,52.4,bilateralism
bilaterality bilateralism,bilaterality bilateralism,48,47,bilaterality-bilateralism,92.0,0,bilaterality bilateralism
bilateralness,bilateralness = bilateralism,48,47,bilateralness,91.8,0,bilateralness = bilateralism
bilateral trade,bilateral trade,48,47,bilateral-trade,96.7,9.8,bilateral trade
bilateral transfer,bilateral transfer,48,47,bilateral-transfer,96.2,65.8,bilateral transfer
Bildungsroman (G.),Bildungsroman (G.),48,47,bildungsroman-g,91.6,84.0,Bildungsroman (G.)
bile,bile,48,47,bile,55.6,70.2,bile
bilinear,bilinear,48,47,bilinear,96.4,74.0,bilinear
bilingual,bilingual,48,47,bilingual,97.0,92.0,bilingual
bilingualism,bilingualism,48,47,bilingualism,96.3,89.6,bilingualism
bilious,bilious,48,47,bilious,91.3,60.1,bilious
bill,bill,48,47,bill,96.4,75.1,bill
bill of exchange,bill of exchange,48,47,bill-of-exchange,96.4,64.0,bill of exchange
bill of health,bill of health,48,47,bill-of-health,96.2,89.3,bill of health
bill of indictment,bill of indictment,48,47,bill-of-indictment,93.8,86.7,bill of indictment
bill of lading,bill of lading,48,47,bill-of-lading,95.5,89.4,bill of lading
bill of rights,bill of rights,48,47,bill-of-rights,94.8,86.2,bill of rights
bill of sale,bill of sale,48,47,bill-of-sale,89.5,65.8,bill of sale
bimanual,bimanual,48,47,bimanual,95.6,54.0,bimanual
bi-media,bi-media,48,47,bi-media,56.7,88.5,bi-media
bimestrial,bimestrial,48,47,bimestrial,92.7,83.8,bimestrial
bimetal,bimetal = bimetallic,48,47,bimetal,81.3,0,bimetal = bimetallic
bimetallic,bimetallic,48,47,bimetallic,67.9,77.0,bimetallic
bimetallism,bimetallism,48,47,bimetallism,58.9,46.2,bimetallism
bimetallist,bimetallist,48,47,bimetallist,72.8,56.4,bimetallist
bimodal,bimodal,48,47,bimodal,43.9,0.0,bimodal
bimonthly,bimonthly,48,47,bimonthly,84.0,64.5,bimonthly
binarism,binarism,48,47,binarism,69.3,88.2,binarism
binary,binary,48,47,binary,85.8,86.3,binary
binary code,binary code,48,47,binary-code,94.7,56.3,binary code
binary nomenclature,binary nomenclature,48,47,binary-nomenclature,67.1,90.8,binary nomenclature
binary opposition,binary opposition,48,47,binary-opposition,96.3,75.7,binary opposition
binary pair,binary pair,48,47,binary-pair,68.6,65.1,binary pair
binary system,binary system,48,47,binary-system,91.1,2.4,binary system
binational,binational,48,47,binational,77.1,7.6,binational
binomial,binomial,48,47,binomial,44.9,63.7,binomial
binomial nomenclature,binomial nomenclature,48,47,binomial-nomenclature,88.0,70.0,binomial nomenclature
biocentric,biocentric,48,47,biocentric,60.0,90.3,biocentric
biocentrism,biocentrism,48,47,biocentrism,77.3,91.2,biocentrism
biocentrist,biocentrist,48,47,biocentrist,55.7,87.4,biocentrist
biocidal,biocidal,48,47,biocidal,30.5,54.3,biocidal
biocide,biocide,48,47,biocide,80.1,54.4,biocide
bioclimatic,bioclimatic,48,47,bioclimatic,77.6,0.0,bioclimatic
bioclimatology,bioclimatology,48,47,bioclimatology,61.2,37.1,bioclimatology
biocoenosis,biocoenosis,48,47,biocoenosis,69.8,88.7,biocoenosis
biocomputer,biocomputer,48,47,biocomputer,31.1,3.8,biocomputer
biodata,biodata,48,47,biodata,84.8,73.1,biodata
biodegradability,biodegradability,48,47,biodegradability,79.4,72.2,biodegradability
biodegradable,biodegradable,49,48,biodegradable,96.3,76.1,biodegradable
biodegradation,biodegradation,49,48,biodegradation,96.1,50.7,biodegradation
biodiversity,biodiversity,49,48,biodiversity,96.8,82.6,biodiversity
bioengineering,bioengineering,49,48,bioengineering,96.6,71.3,bioengineering
bioethicist,bioethicist,49,48,bioethicist,92.0,84.9,bioethicist
bioethics,bioethics,49,48,bioethics,96.0,29.5,bioethics
biofuel,biofuel,49,48,biofuel,96.9,86.6,biofuel
biogenesis,biogenesis,49,48,biogenesis,95.6,36.6,biogenesis
biogenetic(-al),biogenetic(-al),49,48,biogenetic-al,83.9,84.8,biogenetic(-al)
biogenic,biogenic,49,48,biogenic,96.9,81.0,biogenic
biogenous biogenetic,biogenous biogenetic,49,48,biogenous-biogenetic,91.7,0,biogenous biogenetic
biogeny,biogeny = biogenesis,49,48,biogeny,94.6,0,biogeny = biogenesis
biogeographic,biogeographic,49,48,biogeographic,50.3,50.6,biogeographic
biogeography,biogeography,49,48,biogeography,96.0,84.3,biogeography
biographer,biographer,49,48,biographer,96.2,91.1,biographer
biographic(-al),biographic(-al),49,48,biographic-al,86.6,84.8,biographic(-al)
biography,biography,49,48,biography,96.7,92.4,biography
biohazard,biohazard,49,48,biohazard,96.5,58.1,biohazard
biolinguistics,biolinguistics,49,48,biolinguistics,92.8,65.6,biolinguistics
biologic(-al),biologic(-al),49,48,biologic-al,90.8,65.7,biologic(-al)
biological adjustment,biological adjustment,49,48,biological-adjustment,82.4,49.2,biologlcal adjustment
biological clock,biological clock,49,48,biological-clock,96.3,35.6,biological clock
biological community,biological community,49,48,biological-community,84.7,65.5,biological community
biological determinism,biological determinism,49,48,biological-determinism,96.5,64.8,biological determinism
biological differentiation,biological differentiation,49,48,biological-differentiation,96.6,66.1,biological differentiation
biological family,biological family,49,48,biological-family,96.6,86.8,biological family
biological heredity,biological heredity,49,48,biological-heredity,96.3,63.0,biological heredity
biological heritage,biological heritage,49,48,biological-heritage,96.7,62.3,biological heritage
biological kinship,biological kinship,49,48,biological-kinship,67.0,90.2,biological kinship
biological linguistics cling; culbdigh} biosociological,biological linguistics cling; culbdigh} biosociological,49,48,biological-linguistics-cling-culbdigh-biosociological,63.9,0,biological linguistics blosoclologlcal
biological machinery,biological machinery,49,48,biological-machinery,96.6,58.4,biological machinery
biological mother,biological mother,49,48,biological-mother,91.1,44.9,biological mother
biological parents,biological parents,49,48,biological-parents,87.5,65.7,biological parents
biological sciences,biological sciences,49,48,biological-sciences,96.6,68.9,biological sciences
biological survival,biological survival,49,48,biological-survival,84.5,73.0,biological survival
biological war (warfare),biological war (warfare),49,48,biological-war-warfare,91.7,92.0,biological war (warfare}
biologism,biologism,49,48,biologism,40.8,91.7,biologism
biology,biology,49,48,biology,80.6,75.6,biology
biomass,biomass,49,48,biomass,96.6,87.0,biomass
biome,biome,49,48,biome,96.9,68.5,biome
biometrics,biometrics = biometry,49,48,biometrics,92.6,0,biometrics = biometry
biometry,biometry,49,48,biometry,85.9,56.2,biometry
biomorphic,biomorphic,49,48,biomorphic,79.3,87.9,biomorphic
bionic,bionic,49,48,bionic,77.0,46.0,bionic
bionics,bionics,49,48,bionics,68.2,67.4,bionics
bionomic(-al),bionomic(-al),49,48,bionomic-al,45.2,91.3,bionomic(-al)
bionomics,bionomics,49,48,bionomics,88.2,86.9,bionomics
bionomy,bionomy = bionomics,49,48,bionomy,92.2,0,bionomy = bionomics
biophilia,biophilia,49,48,biophilia,32.8,88.2,biophilia
biophobia,biophobia,49,48,biophobia,35.8,57.3,biophobia
biopic,biopic,49,48,biopic,85.8,81.1,biopic
blopolltlcs,blopolltlcs,49,48,blopolltlcs,39.6,70.4,blopolltlcs
bioprospecting,bioprospecting,49,48,bioprospecting,92.1,91.1,bloprospecting
bioprospector,bioprospector,49,48,bioprospector,92.1,71.1,bloprospector
biopsychics,biopsychics = psychobiology,49,48,biopsychics,90.6,0,biopsychics = psychobiology
biopsychology,biopsychology = psychobiology,49,48,biopsychology,75.8,0.0,biopsychology = psychobiology
bioregion,bioregion,49,48,bioregion,53.7,84.8,bloreglon
bioregionalism,bioregionalism,49,48,bioregionalism,57.7,90.3,bloreglonallsm
biorythm,biorythm,49,48,biorythm,56.2,90.5,blorythm
biosocial,biosocial,49,48,biosocial,58.3,61.4,blosoclal
biosociology,biosociology,49,48,biosociology,76.0,89.9,blosoclology
biosphere,biosphere,50,49,biosphere,96.8,71.3,biosphere
biostatistics,biostatistics,50,49,biostatistics,96.9,54.5,biostatistics
biosystem,biosystem,50,49,biosystem,92.6,33.0,biosystem
biota,biota,50,49,biota,97.0,72.3,biota
biotechnology,biotechnology,50,49,biotechnology,96.3,65.9,biotechnology
bioterror,bioterror,50,49,bioterror,92.4,60.2,bioterror
biotic,biotic,50,49,biotic,95.7,58.4,biotic
biotic potential,biotic potential,50,49,biotic-potential,84.4,0,biotic potential
biotope,biotope,50,49,biotope,92.5,0,biotope
biotype,biotype,50,49,biotype,96.4,0,blotype
biotypic,biotypic,50,49,biotypic,92.8,0,biotypic
biotypology,biotypology,50,49,biotypology,66.3,0,biotypology
biparental,biparental,50,49,biparental,92.8,57.1,biparental
bipartisan,bipartisan,50,49,bipartisan,96.7,75.3,bipartisan
bipartisanism,bipartisanism,50,49,bipartisanism,90.6,50.4,bipartisanism
bipedal,bipedal,50,49,bipedal,96.4,90.8,bipedal
bipedalism,bipedalism,50,49,bipedalism,91.3,29.0,bipedalism
bipedalist,bipedalist,50,49,bipedalist,91.5,61.1,bipedalist
bipolar,bipolar,50,49,bipolar,96.8,67.9,bipolar
bipolar disorder,bipolar disorder,50,49,bipolar-disorder,96.7,72.5,bipolar disorder
bipolarity,bipolarity,50,49,bipolarity,91.3,6.9,bipolarity
biracial,biracial,50,49,biracial,96.7,80.1,biracial
biracialism,biracialism,50,49,biracialism,92.5,69.1,bi racialism
birth,birth,50,49,birth,96.4,71.6,birth
birth certificate,birth certificate,50,49,birth-certificate,96.7,44.2,birth certificate
birth control,birth control,50,49,birth-control,91.7,55.6,birth control
birthplace,birthplace,50,49,birthplace,73.1,87.1,birthplace
birth rate,birth rate,50,49,birth-rate,96.5,76.4,birth rate
birthright,birthright,50,49,birthright,96.7,23.7,birthright
birthstone,birthstone,50,49,birthstone,96.7,25.8,birthstone
birth trauma,birth trauma,50,49,birth-trauma,96.4,64.9,birth trauma
birth year,birth year,50,49,birth-year,96.6,89.6,birth year
bisexual,bisexual,50,49,bisexual,96.5,46.9,bisexual
bisexuality,bisexuality,50,49,bisexuality,84.3,58.0,bisexuality
bishop,bishop,50,49,bishop,79.2,32.1,bishop
bishopric,bishopric,50,49,bishopric,57.7,63.4,bishopric
bisociation,bisociation,50,49,bisociation,68.4,91.6,bisociation
bistate,bistate,50,49,bistate,37.6,52.5,bistate
bivalence,bivalence,50,49,bivalence,83.9,31.5,bivalence
biweekly,biweekly,50,49,biweekly,96.9,79.3,biweekly
biyearly .r,biyearly .r,50,49,biyearly-r,38.7,76.6,biyearly .r
black comedy,black comedy,50,49,black-comedy,96.3,57.0,black comedy
black figure,black figure,50,49,black-figure,96.6,83.8,black figure
blackguard,blackguard,50,49,blackguard,58.7,83.4,blackguard
blackguard ism,blackguard ism,50,49,blackguard-ism,34.4,76.2,blackguard ism
black humor,black humor,50,49,black-humor,84.4,85.6,black humor
blackmail,blackmail,50,49,blackmail,48.2,16.4,blackmail
black market,black market,50,49,black-market,90.8,65.7,black market
black money,black money,50,49,black-money,80.4,71.3,black money
Black Shirt,Black Shirt,50,49,black-shirt,64.8,77.1,Black Shirt
black studies,black studies,50,49,black-studies,76.5,66.3,black studies
blanket term,blanket term,50,49,blanket-term,72.0,56.4,blanket term
blank verse,blank verse,50,49,blank-verse,85.5,80.1,blank verse
Blanquism,Blanquism,50,49,blanquism,74.1,9.8,Blanqulsm
blasphemous,blasphemous,50,49,blasphemous,66.3,63.1,blasphemous
blasphemousness blasphemy,blasphemousness blasphemy,50,49,blasphemousness-blasphemy,92.2,31.8,blasphemousness blasphemy
blasphemy,blasphemy,50,49,blasphemy,85.7,45.4,blasphemy
blend,blend,50,49,blend,34.3,70.9,blend
blending,blending,50,49,blending,63.2,73.5,blending
blend word,blend word,50,49,blend-word,83.0,71.5,blend word
blessed,blessed,50,49,blessed,62.2,81.4,blessed
blessedness,blessedness,50,49,blessedness,80.3,63.3,blessedness
Blessed Virgin,Blessed Virgin,50,49,blessed-virgin,91.1,78.0,Blessed Virgin
blessing,blessing,51,50,blessing,96.3,73.4,blessing
blest blessed,blest blessed,51,50,blest-blessed,96.6,0,blest blessed
blind spot,blind spot,51,50,blind-spot,96.9,87.9,blind spot
bliss,bliss,51,50,bliss,95.7,74.7,bliss
blitz (G.),blitz (G.),51,50,blitz-g,89.2,74.7,blitz (G.)
blitzkrieg (G.),blitzkrieg (G.),51,50,blitzkrieg-g,92.2,89.3,blitzkrieg (G.)
bloc,bloc,51,50,bloc,96.3,90.2,bloc
block,block,51,50,block,96.8,79.3,block
blockade,blockade,51,50,blockade,96.4,24.7,blockade
blockade-runner,blockade-runner,51,50,blockade-runner,92.4,52.3,blockade-runner
blockade-running,blockade-running,51,50,blockade-running,89.8,86.8,blockade-running
blockage,blockage,51,50,blockage,95.7,79.2,blockage
blocking,blocking,51,50,blocking,96.6,48.1,blocking
blood bath,blood bath,51,50,blood-bath,96.6,51.8,blood bath
blood bond,blood bond,51,50,blood-bond,96.1,89.1,blood bond
blood brother,blood brother,51,50,blood-brother,96.3,68.6,blood brother
blood feud,blood feud,51,50,blood-feud,96.8,2.3,blood feud
blood group,blood group,51,50,blood-group,95.8,91.0,blood group
blood kinship,blood kinship,51,50,blood-kinship,96.1,81.0,blood kinship
bloodletter,bloodletter,51,50,bloodletter,60.4,64.6,blood letter
bloodletting,bloodletting,51,50,bloodletting,53.3,76.0,bloodletting
bloodline,bloodline,51,50,bloodline,89.6,91.8,bloodline
blood money,blood money,51,50,blood-money,96.4,59.1,blood money
blood relation,blood relation,51,50,blood-relation,96.5,67.0,blood relation
blood-relationship,blood-relationship,51,50,blood-relationship,92.0,87.9,blood-relationship
blood revenge,blood revenge,51,50,blood-revenge,96.2,89.2,blood revenge
bloodshed,bloodshed,51,50,bloodshed,96.6,84.0,bloodshed
bloodthirsty,bloodthirsty,51,50,bloodthirsty,93.3,63.6,bloodthlrsty
blood vengeance,blood vengeance,51,50,blood-vengeance,96.7,92.2,blood vengeance
blue blood,blue blood,51,50,blue-blood,94.7,58.6,blue blood
blue-blooded,blue-blooded,51,50,blue-blooded,62.4,77.1,blue-blooded
blue collar,blue collar,51,50,blue-collar,87.2,90.9,blue collar
blueprint,blueprint,51,50,blueprint,91.3,82.3,blueprint
board,board,51,50,board,82.5,67.2,board
board house,board house,51,50,board-house,87.5,76.0,board house
boarding house board house,boarding house board house,51,50,boarding-house-board-house,96.0,44.8,boarding house board house
boarding school,boarding school,51,50,boarding-school,76.1,81.5,boarding school
board of directors,board of directors,51,50,board-of-directors,96.5,56.0,board of directors
board of education,board of education,51,50,board-of-education,92.5,78.1,board of education
board of trade,board of trade,51,50,board-of-trade,86.8,63.5,board of trade
board of trustees,board of trustees,51,50,board-of-trustees,93.3,51.3,board of trustees
bodied,bodied,51,50,bodied,94.5,69.2,bodied
bodiless,bodiless,51,50,bodiless,60.8,83.0,bodiless
bodily,bodily,51,50,bodily,63.6,89.2,bodily
bodily resurrection,bodily resurrection,51,50,bodily-resurrection,96.2,54.1,bodily resurrection
body,body,51,50,body,41.6,64.9,body
body art,body art,51,50,body-art,71.9,70.5,body art
body builder,body builder,51,50,body-builder,80.1,91.4,body builder
body building,body building,51,50,body-building,91.0,85.3,body building
body count,body count,51,50,body-count,89.7,73.7,body count
bodyguard,bodyguard,51,50,bodyguard,71.2,73.1,bodyguard
body language,body language,51,50,body-language,93.6,84.9,body language
body politic,body politic,51,50,body-politic,89.6,51.2,body politic
Boer,Boer,51,50,boer,80.7,81.7,Boer
bohemia; Bohemia,bohemia; Bohemia,51,50,bohemia-bohemia,88.5,70.0,bohemia; Bohemia
Bohemian,Bohemian,51,50,bohemian,85.7,68.9,Bohemian
bohemianism,bohemianism,52,51,bohemianism,91.3,5.8,bohemianism
Bolshevik; bolshevik,Bolshevik; bolshevik,52,51,bolshevik-bolshevik,76.8,10.7,Bolshevik; bolshevik
Bolshevism; bolshevism,Bolshevism; bolshevism,52,51,bolshevism-bolshevism,91.9,43.7,Bolshevism; bolshevism
Bolshevist; bolshevist,Bolshevist; bolshevist,52,51,bolshevist-bolshevist,92.5,39.9,Bolshevist; bolshevist
bona fide (L.),bona fide (L.),52,51,bona-fide-l,93.5,81.2,bona fide (L.)
bona fides (L.),bona fides (L.),52,51,bona-fides-l,90.8,65.9,bona tides (L.) ..::..;;
Bonapartism,Bonapartism,52,51,bonapartism,91.6,68.9,Bonapartism
Bonapartist,Bonapartist,52,51,bonapartist,23.8,89.6,Bonapartist
bond,bond,52,51,bond,96.9,61.9,bond
bondage,bondage,52,51,bondage,96.6,77.9,bondage
bondholder,bondholder,52,51,bondholder,91.8,77.0,bondholder
bonding,bonding,52,51,bonding,96.4,91.2,bonding
bondmaid,bondmaid,52,51,bondmaid,90.0,75.0,bondmaid
bondman,bondman,52,51,bondman,92.7,69.4,bondman
bondservant,bondservant,52,51,bondservant,92.3,61.2,bondservant
bondsman .r,bondsman .r,52,51,bondsman-r,26.3,84.5,bondsman .r
bondwoman,bondwoman,52,51,bondwoman,92.0,67.2,bondwoman
bonhomie,bonhomie,52,51,bonhomie,90.1,60.6,bonhomie
bonus,bonus,52,51,bonus,96.7,58.7,bonus
bon vivant (Fr.),bon vivant (Fr.),52,51,bon-vivant-fr,92.8,52.9,bon vivant (Fr.)
bonze,bonze,52,51,bonze,93.1,72.8,bonze
boogeyman,boogeyman = boogieman,52,51,boogeyman,91.7,0,boogeyman = boogieman
boogieman,boogieman,52,51,boogieman,91.1,13.3,boogieman
boogyman boogieman,boogyman boogieman,52,51,boogyman-boogieman,92.8,0,boogyman boogieman
book learning,book learning,52,51,book-learning,78.2,84.5,book learning
booklore,booklore,52,51,booklore,83.4,90.8,booklore
bookman,bookman,52,51,bookman,92.8,71.2,bookman
bookmark,bookmark,52,51,bookmark,96.9,70.0,bookmark
bookmobile,bookmobile,52,51,bookmobile,89.7,87.8,bookmobile
book review,book review,52,51,book-review,95.3,86.5,book review
book value,book value,52,51,book-value,86.8,73.0,book value
boom,boom,52,51,boom,95.9,47.7,boom
boomerang effect,boomerang effect,52,51,boomerang-effect,94.8,76.7,boomerang effect
boomlet,boomlet,52,51,boomlet,70.2,55.3,boomlet
bootlegger,bootlegger,52,51,bootlegger,65.2,0,bootlegger
bootlegging,bootlegging,52,51,bootlegging,96.6,0,bootlegging
booty,booty,52,51,booty,84.3,53.0,booty
bordello (Ital.),bordello (Ital.),52,51,bordello-ital,75.8,19.9,bordello (Ital.)
border,border,52,51,border,77.8,0,border
borderland,borderland,52,51,borderland,57.4,61.7,borderland
borderline,borderline,52,51,borderline,47.6,79.8,borderline
borderline intelligence,borderline intelligence,52,51,borderline-intelligence,96.2,77.7,borderline intelligence
bore,bore,52,51,bore,86.5,79.2,bore
boreal,boreal,52,51,boreal,69.8,79.2,boreal
bored,bored,52,51,bored,67.2,90.2,bored
boredom,boredom,52,51,boredom,19.0,34.2,boredom
boring,boring,52,51,boring,69.0,80.5,boring
born,born,52,51,born,24.1,90.9,born
born-again,born-again,52,51,born-again,26.6,90.4,born-again
born criminal,born criminal,52,51,born-criminal,73.7,75.5,born criminal
borough,borough,52,51,borough,89.7,69.7,borough
borrower,borrower,52,51,borrower,79.8,80.8,borrower
borrowing,borrowing,52,51,borrowing,96.4,90.8,borrowing
borstal,borstal,53,52,borstal,93.1,54.8,borstal
Boskop Man,Boskop Man,53,52,boskop-man,94.2,67.4,Boskop Man
Bosniac,Bosniac = Bosnian,53,52,bosniac,94.4,0,Bosniac = Bosnian
Bosnian,Bosnian,53,52,bosnian,96.4,91.3,Bosnian
boss,boss,53,52,boss,96.4,82.8,boss
bossiness,bossiness,53,52,bossiness,91.7,84.9,bossiness
bossing,bossing,53,52,bossing,92.3,89.5,bossing
bossism,bossism,53,52,bossism,91.4,79.9,bossism
bossy,bossy,53,52,bossy,96.5,51.2,bossy
botanic(-al),botanic(-al),53,52,botanic-al,89.8,62.7,botanic(-al)
botanica! garden,botanica! garden,53,52,botanica-garden,92.3,77.7,botanical garden
botanist,botanist,53,52,botanist,96.5,39.5,botanist
botany,botany,53,52,botany,96.7,51.1,botany
bottleneck,bottleneck,53,52,bottleneck,14.3,60.8,bottleneck
bound,bound,53,52,bound,96.8,25.6,bound
boundary,boundary,53,52,boundary,96.4,56.0,boundary
bounded,bounded,53,52,bounded,96.9,88.1,bounded
bound form,bound form,53,52,bound-form,95.9,69.3,bound form
bounding,bounding,53,52,bounding,96.4,75.2,bounding
boundless,boundless,53,52,boundless,92.4,82.5,boundless
bound morpheme,bound morpheme,53,52,bound-morpheme,92.6,74.3,bound morpheme
bounteous,bounteous,53,52,bounteous,89.8,90.8,bounteous
bounteousness,bounteousness,53,52,bounteousness,90.9,48.5,bounteousness
bountiful,bountiful,53,52,bountiful,96.8,78.7,bountiful
bountifulness,bountifulness,53,52,bountifulness,90.0,44.5,bountifulness
bounty,bounty,53,52,bounty,96.6,81.7,bounty
bourg,bourg,53,52,bourg,92.4,78.0,bourg
bourgeois,bourgeois,53,52,bourgeois,96.6,85.1,bourgeois
bourgeoise,bourgeoise,53,52,bourgeoise,69.1,68.8,bourgeoise
bourgeoisie,bourgeoisie,53,52,bourgeoisie,92.3,69.7,bourgeoisie
bourgeois liberalism,bourgeois liberalism,53,52,bourgeois-liberalism,96.3,78.5,bourgeois liberalism
bourse,bourse,53,52,bourse,87.4,89.4,bourse
bousterophedon,bousterophedon,53,52,bousterophedon,79.6,82.7,bousterophedon
Bovarist,Bovarist,53,52,bovarist,64.6,39.6,Bovarist
Bovarysme,Bovarysme,53,52,bovarysme,88.0,65.4,Bovarysme
boycott,boycott,53,52,boycott,85.2,85.6,boycott
boycotting,boycotting,53,52,boycotting,83.5,85.7,boycotting
boyish,boyish,53,52,boyish,77.8,57.3,boyish
boyishness,boyishness,53,52,boyishness,27.4,39.6,boyishness
Boy Scout,Boy Scout,53,52,boy-scout,93.0,85.6,Boy Scout
brachycephal,brachycephal = ,53,52,brachycephal,76.3,39.0,brachycephal =
brachycephallc,brachycephallc,53,52,brachycephallc,34.0,63.1,brachycephallc
brachycephalism,brachycephalism,53,52,brachycephalism,59.3,57.3,brachycephalism
brachycephaly,brachycephaly = brachycephallsm,53,52,brachycephaly,69.4,29.5,brachycephaly = brachycephallsm
brachydactylic,brachydactylic,53,52,brachydactylic,65.8,19.8,brachydactyllc
brachydactylous,brachydactylous = brachydactylic,53,52,brachydactylous,88.0,0,brachydactylous = brachydactylic
brachydactyly,brachydactyly,53,52,brachydactyly,29.9,13.2,brachydactyly
brachylogy,brachylogy,53,52,brachylogy,56.3,77.4,brachylogy
bradyacusia,bradyacusia,53,52,bradyacusia,68.2,35.3,bradyacusia
bradyarthria,bradyarthria,53,52,bradyarthria,47.9,85.5,bradyarthrla
bradyesthesia,bradyesthesia,53,52,bradyesthesia,60.1,33.4,bradyesthesla
bradyglossia,bradyglossia,53,52,bradyglossia,29.8,67.7,bradyglossia
bradykinesia,bradykinesia,53,52,bradykinesia,89.3,46.0,bradykinesia
bradylalia,bradylalia,53,52,bradylalia,31.2,60.8,bradylalia
bradylexia,bradylexia,53,52,bradylexia,36.5,61.6,bradylexia
bradylogia,bradylogia,53,52,bradylogia,51.8,59.9,bradylogla
bradyphasia,bradyphasia,53,52,bradyphasia,74.9,61.4,bradyphasia
Brahma (Skt.),Brahma (Skt.),53,52,brahma-skt,86.2,19.3,Brahma (Skt.)
Brahman (Skt),Brahman (Skt),53,52,brahman-skt,72.5,72.9,Brahman (Skt.)
Brahmanic(-al),Brahmanic(-al),53,52,brahmanic-al,61.2,90.3,Brahmanic(-al)
Brahmanism,Brahmanism,54,53,brahmanism,91.9,81.2,Brahmanism
Brahmanist,Brahmanist,54,53,brahmanist,92.3,90.5,Brahmanist
Brahmin,Brahmin = Brahman,54,53,brahmin,96.4,0,Brahmin = Brahman
Brahminism Brahmanism,Brahminism Brahmanism,54,53,brahminism-brahmanism,91.7,0,Brahminism Brahmanism
Braille; braille,Braille; braille,54,53,braille-braille,96.3,81.9,Braille; braille
brain,brain,54,53,brain,97.0,59.5,brain
brain drain,brain drain,54,53,brain-drain,96.5,47.3,brain drain
brainpower,brainpower,54,53,brainpower,96.1,79.8,brainpower
brainstorm,brainstorm,54,53,brainstorm,96.0,65.6,brainstorm
brainstorming,brainstorming,54,53,brainstorming,95.7,74.5,brainstorming
brain trust,brain trust,54,53,brain-trust,96.8,75.6,brain trust
brain truster,brain truster,54,53,brain-truster,92.7,0.0,brain truster
brainwashing,brainwashing,54,53,brainwashing,96.5,49.0,brainwashing
brainwork,brainwork,54,53,brainwork,91.6,89.1,brainwork
brainworker,brainworker,54,53,brainworker,92.0,69.6,brainworker
branch,branch,54,53,branch,96.7,72.7,branch
branching,branching,54,53,branching,96.2,87.5,branching
branching tree diagram,branching tree diagram,54,53,branching-tree-diagram,91.1,83.3,branching tree diagram
branding,branding,54,53,branding,96.9,85.3,branding
brand name,brand name,54,53,brand-name,96.8,84.4,brand name
branks,branks,54,53,branks,90.4,74.9,bran ks
brave,brave,54,53,brave,97.0,65.8,brave
bravura,bravura,54,53,bravura,96.7,48.2,bravura
breadbasket,breadbasket,54,53,breadbasket,92.3,84.0,breadbasket
breadwinner,breadwinner,54,53,breadwinner,96.6,65.3,breadwinner
breakaway,breakaway,54,53,breakaway,96.8,83.0,breakaway
breakdown,breakdown,54,53,breakdown,75.5,13.8,breakdown
breakeven,breakeven,54,53,breakeven,96.8,71.6,breakeven
breaking,breaking,54,53,breaking,96.7,88.4,breaking
breakthrough,breakthrough,54,53,breakthrough,96.7,56.6,breakthrough
breed,breed,54,53,breed,97.0,51.9,breed
breeder,breeder,54,53,breeder,96.6,83.6,breeder
breeding,breeding,54,53,breeding,46.2,75.6,breeding
Breton,Breton,54,53,breton,96.4,92.3,Breton
breviary,breviary,54,53,breviary,92.5,55.7,breviary
brevity,brevity,54,53,brevity,72.5,90.3,brevity
bribe,bribe,54,53,bribe,91.5,89.3,bribe
bribery,bribery,54,53,bribery,75.4,59.5,bribery
bribing,bribing,54,53,bribing,53.1,90.4,bribing
bric-a-brac (Fr),bric-a-brac (Fr),54,53,bric-a-brac-fr,65.0,62.7,bric-a-brac (Fr.)
brickwork,brickwork,54,53,brickwork,20.8,71.2,brickwork
brickyard,brickyard,54,53,brickyard,54.1,0.0,brickyard
bricolage,bricolage,54,53,bricolage,48.9,82.9,bricolage
bricoleur,bricoleur,54,53,bricoleur,65.1,80.9,bricoleur
bridal,bridal,54,53,bridal,41.9,74.1,bridal
bride,bride,54,53,bride,66.2,37.6,bride
bridegroom,bridegroom,54,53,bridegroom,84.5,94.3,bridegroom
bride-price,bride-price,54,53,bride-price,92.3,66.9,bride-price
bride-service,bride-service,54,53,bride-service,70.1,0,bride-service
bride-wealth,bride-wealth,54,53,bride-wealth,56.8,0,bride-wealth
briefing,briefing,54,53,briefing,57.6,0,briefing
brigand,brigand,54,53,brigand,79.9,0,brigand
Britannic,Britannic,54,53,britannic,58.9,0,Britannic
Briticism,Briticism,54,53,briticism,93.2,68.2,Briticism
British,British,54,53,british,93.3,73.6,British
British English,British English,54,53,british-english,89.7,14.3,British English
Britishism,Britishism = Briticism,54,53,britishism,86.4,47.7,Britishism = Briticism
Briton,Briton,54,53,briton,82.1,86.5,Briton
broadcasting,broadcasting,54,53,broadcasting,90.0,91.2,broadcasting
Broad-Church,Broad-Church,54,53,broad-church,81.7,46.6,Broad-Church
broadminded,broadminded,54,53,broadminded,74.1,81.3,broadminded
broadmindedness,broadmindedness,54,53,broadmindedness,69.7,82.0,broadmindedness
broken home,broken home,54,53,broken-home,87.1,84.8,broken home
broker,broker,54,53,broker,85.5,89.2,broker
brokerage,brokerage,54,53,brokerage,71.7,66.9,brokerage
bronze,bronze,55,54,bronze,96.5,71.1,bronze
Bronze Age,Bronze Age,55,54,bronze-age,96.5,56.0,Bronze Age
brothel,brothel,55,54,brothel,95.9,55.8,brothel
brother,brother,55,54,brother,96.6,74.1,brother
brotherhood,brotherhood,55,54,brotherhood,96.7,85.2,brotherhood
brother-in-law,brother-in-law,55,54,brother-in-law,96.8,50.0,brother-in-law
brotherliness,brotherliness,55,54,brotherliness,91.7,68.1,brotherliness
brotherly,brotherly,55,54,brotherly,96.9,90.2,brotherly
brutalism,brutalism,55,54,brutalism,58.6,64.8,brutalism
brutalist,brutalist,55,54,brutalist,92.8,0.0,brutalist
brutality,brutality,55,54,brutality,96.7,71.5,brutality
brutalization,brutalization,55,54,brutalization,88.8,64.1,brutalization
brute,brute,55,54,brute,96.8,74.2,brute
brutish,brutish = brute,55,54,brutish,96.4,0,brutish = brute
brutishness brutism,brutishness brutism,55,54,brutishness-brutism,91.9,0,brutishness brutism
brutism,brutism,55,54,brutism,91.7,67.8,brutism
Buddhism,Buddhism,55,54,buddhism,96.5,62.0,Buddhism
Buddhist,Buddhist,55,54,buddhist,95.7,89.8,Buddhist
Buddhistic,Buddhistic,55,54,buddhistic,92.0,79.9,Buddhistic
budget,budget,55,54,budget,96.1,88.4,budget
budgetary,budgetary,55,54,budgetary,96.5,32.7,budgetary
budgetary studies,budgetary studies,55,54,budgetary-studies,96.5,64.6,budgetary studies
budget deficit,budget deficit,55,54,budget-deficit,96.4,61.0,budget deficit
budgeting,budgeting,55,54,budgeting,96.1,91.5,budgeting
buffer,buffer,55,54,buffer,96.3,73.0,buffer
buffer state,buffer state,55,54,buffer-state,95.0,83.1,buffer state
buffer zone,buffer zone,55,54,buffer-zone,96.2,86.2,buffer zone
buffoon,buffoon,55,54,buffoon,96.4,65.3,buffoon
buffoonery,buffoonery,55,54,buffoonery,92.3,72.7,buffoonery
Bulgar,Bulgar,55,54,bulgar,69.2,34.8,Bulgar
Bulgarian,Bulgarian,55,54,bulgarian,41.7,75.4,Bulgarian
bulimia,bulimia,55,54,bulimia,95.6,65.0,bulimia
bulimy,bulimy = ,55,54,bulimy,55.3,59.3,bulimy =
bull,bull,55,54,bull,57.8,81.5,bull
bulletin,bulletin,55,54,bulletin,66.5,80.8,bulletin
bullying,bullying,55,54,bullying,57.1,66.9,bullying
Bundesrat (G.),Bundesrat (G.),55,54,bundesrat-g,78.4,75.6,Bundesrat (G.)
Bundestag (G.),Bundestag (G.),55,54,bundestag-g,76.9,79.7,Bundestag (G.)
bureau,bureau,55,54,bureau,84.8,89.5,bureau
bureaucracy,bureaucracy,55,54,bureaucracy,0.0,69.2,bureaucracy
bureaucrat,bureaucrat,55,54,bureaucrat,84.1,91.2,bureaucrat
bureaucratic,bureaucratic,55,54,bureaucratic,83.5,78.0,bureaucratic
bureaucratism,bureaucratism,55,54,bureaucratism,91.6,73.2,bureaucratism
bureaucratization,bureaucratization,55,54,bureaucratization,88.2,87.4,bureaucratization
burgess,burgess,55,54,burgess,74.5,74.7,burgess
burgher (G.),burgher (G.),55,54,burgher-g,86.4,69.8,burgher (G.)
burglar,burglar,55,54,burglar,75.8,64.5,burglar
burglary,burglary,55,54,burglary,83.1,76.4,burglary
burial,burial,55,54,burial,39.5,92.2,burial
burial finds,burial finds,55,54,burial-finds,89.2,45.3,burial finds
burial ground,burial ground,55,54,burial-ground,86.7,53.6,burial ground
burial mound,burial mound,55,54,burial-mound,95.5,57.2,burial mound
burlesque,burlesque,55,54,burlesque,79.7,51.2,burlesque
burlesquer,burlesquer,55,54,burlesquer,55.8,84.9,burlesquer
Bushido; bushido,Bushido; bushido,55,54,bushido-bushido,80.2,61.1,Bushido; bushido
Bushman,Bushman,56,55,bushman,96.8,86.6,Bushman
business,business,56,55,business,74.9,43.4,business
business administration,business administration,56,55,business-administration,96.7,78.8,business administration
business agent,business agent,56,55,business-agent,96.5,62.7,business agent
business center,business center,56,55,business-center,95.2,84.0,business center
business cycle,business cycle,56,55,business-cycle,96.3,71.8,business cycle
business depression,business depression,56,55,business-depression,94.7,65.2,business depression
business district,business district,56,55,business-district,96.9,90.2,business district
business education,business education,56,55,business-education,94.1,48.8,business education
business enterprise,business enterprise,56,55,business-enterprise,96.4,72.4,business enterprise
business fluctuation,business fluctuation,56,55,business-fluctuation,96.8,58.0,business fluctuation
business law,business law,56,55,business-law,95.9,0,business law
businessman,businessman,56,55,businessman,85.7,87.5,businessman
business name,business name,56,55,business-name,96.7,67.0,business name
business organization,business organization,56,55,business-organization,76.0,76.8,business organization
business prosperity,business prosperity,56,55,business-prosperity,88.2,78.4,business prosperity
business psychology,business psychology,56,55,business-psychology,92.0,66.1,business psychology
bust,bust,56,55,bust,47.4,37.3,bust
buyer’s market,buyer’s market,56,55,buyer-s-market,91.4,58.1,buyer's market
Byelorussian,Byelorussian,56,55,byelorussian,96.7,92.4,Byelorussian
by-law,by-law,56,55,by-law,50.5,82.6,by-law
by-name,by-name,56,55,by-name,89.5,44.7,by-name
by-play,by-play,56,55,by-play,65.1,64.6,by-play
by-product,by-product,56,55,by-product,96.6,85.1,by-product
Byzantine,Byzantine,56,55,byzantine,43.0,90.5,Byzantine
