headword,pdf_page,printed_page,anchor,head_confidence,persian_ocr_confidence
habit,190,189,habit,96.8,77.8
habitability,190,189,habitability,92.4,90.8
habitable,190,189,habitable,85.8,58.0
habitant,190,189,habitant,91.7,0.0
habitat,190,189,habitat,96.3,38.5
habitation,190,189,habitation,96.6,81.6
habitation area,190,189,habitation-area,96.6,90.0
habit family hierarchy,190,189,habit-family-hierarchy,96.6,73.9
habit formation,190,189,habit-formation,96.8,78.4
habit-forming,190,189,habit-forming,93.0,83.5
habit hierarchy,190,189,habit-hierarchy,96.8,89.2
habit interference,190,189,habit-interference,96.4,84.6
habit strength,190,189,habit-strength,97.0,67.0
habitual,190,189,habitual,96.9,90.0
habitual criminal,190,189,habitual-criminal,91.2,80.6
habitual offender,190,189,habitual-offender,96.1,83.0
habituation,190,189,habituation,25.6,89.5
habitude,190,189,habitude,77.4,73.6
habitus (L),190,189,habitus-l,59.7,68.1
hadith (Ar),190,189,hadith-ar,61.6,6.0
haecceity,190,189,haecceity,27.2,68.6
hagiarchy,190,189,hagiarchy,83.4,58.6
hagiocracy,190,189,hagiocracy,91.8,55.0
hagiographer,190,189,hagiographer,88.9,73.3
haglography,190,189,haglography,53.0,75.4
hagiologist,190,189,hagiologist,92.5,67.1
hagiology,190,189,hagiology,67.5,59.1
haj (Ar.),190,189,haj-ar,41.4,46.6
haji (Ar.),190,189,haji-ar,56.5,86.0
Hakenkreuz (G.),190,189,hakenkreuz-g,86.9,67.9
hakim’ (Ar.),190,189,hakim-ar,57.4,80.0
hakim?,190,189,hakim,59.5,66.2
half-blood,190,189,half-blood,69.3,85.7
halfway house,190,189,halfway-house,87.8,79.3
hallucination,191,190,hallucination,96.6,39.2
hallucinative,191,190,hallucinative,92.3,63.9
hallucinatory,191,190,hallucinatory,63.2,55.2
hallucinogen,191,190,hallucinogen,96.7,41.3
hallucinosis,191,190,hallucinosis,92.8,91.2
halo error,191,190,halo-error,96.6,91.0
halving method,191,190,halving-method,96.2,89.5
Hamitic language(s),191,190,hamitic-language-s,93.9,90.8
hamlet,191,190,hamlet,96.6,83.8
handbook,191,190,handbook,96.4,85.6
handcraft,191,190,handcraft,96.1,0.0
handedness,191,190,handedness,96.7,46.0
handicap,191,190,handicap,96.3,65.2
handicapped,191,190,handicapped,96.8,73.8
handicraft,191,190,handicraft,96.6,64.7
handicraft economy,191,190,handicraft-economy,96.7,88.1
handicraftsman,191,190,handicraftsman,92.1,60.0
handiwork,191,190,handiwork,96.5,89.3
hand-made,191,190,hand-made,96.4,78.1
handprint,191,190,handprint,96.3,81.9
handwork,191,190,handwork,91.9,90.1
handworker,191,190,handworker,92.6,57.7
handwoven,191,190,handwoven,92.5,80.9
handwriting,191,190,handwriting,95.9,84.7
haphalgesia,191,190,haphalgesia,92.4,37.9
haphephobia,191,190,haphephobia,92.8,44.6
haplology,191,190,haplology,91.3,83.3
happening,191,190,happening,96.0,59.7
happiness,191,190,happiness,96.1,68.5
harasser,191,190,harasser,92.8,69.3
harassment,191,190,harassment,96.6,86.1
harbinger,191,190,harbinger,96.8,78.8
hard data,191,190,hard-data,92.9,71.7
hard determinism,191,190,hard-determinism,80.3,68.7
hard drug,191,190,hard-drug,92.9,50.5
hard labor,191,190,hard-labor,91.1,67.1
hardline,191,190,hardline,57.0,70.1
hardness,191,190,hardness,93.0,90.0
hard news,191,190,hard-news,89.2,90.3
hard palate,191,190,hard-palate,92.9,90.2
hard psychology,191,190,hard-psychology,93.4,70.8
hard science,191,190,hard-science,96.8,59.1
hardware,191,190,hardware,57.3,64.0
harmonic,191,190,harmonic,83.1,91.2
harmonious,191,190,harmonious,77.9,89.5
harmonism,191,190,harmonism,59.7,92.0
harmonization,191,190,harmonization,76.1,55.6
harmony,191,190,harmony,29.4,91.3
harassment,191,190,harassment-2,84.0,92.4
haruspex,191,190,haruspex,62.5,87.9
haruspicy,191,190,haruspicy,92.9,61.7
hate,191,190,hate,75.2,92.3
hatred,191,190,hatred,71.9,92.1
"have-nots, the",191,190,have-nots-the,91.8,92.1
"haves, the",191,190,haves-the,93.0,87.8
hazard,191,190,hazard,75.8,78.0
head,191,190,head,88.9,60.3
headhunter,191,190,headhunter,93.3,77.5
head-hunting,191,190,head-hunting,61.6,69.3
heading,191,190,heading,70.4,91.5
headman,191,190,headman,78.0,38.5
head office,191,190,head-office,93.8,90.5
head of mission,191,190,head-of-mission,95.6,71.8
head of state,191,190,head-of-state,92.8,85.7
headquarters,192,191,headquarters,96.5,88.0
headship,192,191,headship,96.5,35.2
headsman,192,191,headsman,92.4,66.1
head tax,192,191,head-tax,96.8,73.9
head teller,192,191,head-teller,96.8,33.2
headword,192,191,headword,92.3,73.1
heater,192,191,heater,67.7,90.6
healing,192,191,healing,97.0,76.6
health,192,191,health,95.8,84.3
health care,192,191,health-care,91.9,78.0
health food,192,191,health-food,96.4,75.0
healthful,192,191,healthful,96.3,91.2
health insurance,192,191,health-insurance,96.7,80.3
health services,192,191,health-services,96.8,65.9
healthy,192,191,healthy,94.9,38.5
hearing,192,191,hearing,96.4,90.5
hearing loss,192,191,hearing-loss,94.9,92.2
hearing-mute,192,191,hearing-mute,90.5,51.1
hearsay,192,191,hearsay,96.9,87.6
heathen,192,191,heathen,46.6,67.1
heathendom,192,191,heathendom,92.5,62.1
heathenish,192,191,heathenish,93.2,76.0
heathenishness,192,191,heathenishness,81.7,82.7
heathenism,192,191,heathenism,91.9,86.2
heathenry,192,191,heathenry,92.2,86.2
heaven; heavens,192,191,heaven-heavens,96.4,67.7
heavenliness,192,191,heavenliness,24.9,53.1
heavenly,192,191,heavenly,96.4,64.6
heavenly sphere0,192,191,heavenly-sphere0,13.8,91.4
heavy industry,192,191,heavy-industry,68.0,59.7
hebephilia,192,191,hebephilia,41.2,86.6
hebephrenia,192,191,hebephrenia,79.4,64.8
hebetic,192,191,hebetic,4.3,62.3
hebetude,192,191,hebetude,66.2,69.7
Hebraic(-al),192,191,hebraic-al,83.9,51.7
Hebraism,192,191,hebraism,77.3,47.0
Hebraist,192,191,hebraist,76.0,51.5
Hebrew,192,191,hebrew,83.0,74.4
Hebrew Scriptures,192,191,hebrew-scriptures,91.6,79.9
hedonlc,192,191,hedonlc,32.2,0.0
hedonics,192,191,hedonics,57.2,0.0
hedonic tone,192,191,hedonic-tone,89.8,0.0
hedonism,192,191,hedonism,45.7,0.0
hedonist,192,191,hedonist,59.4,73.3
hedonistic,192,191,hedonistic,85.1,68.5
Hegelianism,192,191,hegelianism,90.1,89.9
Hegelianist,192,191,hegelianist,47.6,58.5
Hegellsm,192,191,hegellsm,92.2,0.0
Hegelist Hegelianist,192,191,hegelist-hegelianist,90.6,0.0
hegemon,192,191,hegemon,84.7,87.5
hegemonic,192,191,hegemonic,89.1,79.2
hegemonism,192,191,hegemonism,2.5,82.8
hegemonist,192,191,hegemonist,48.5,77.5
hegemonlstic,192,191,hegemonlstic,37.7,84.1
hegemony,192,191,hegemony,72.0,58.5
hegira; Hegira (Ar.),192,191,hegira-hegira-ar,75.8,85.8
heidelbergensis,193,192,heidelbergensis,90.5,87.2
Heidelberg man,193,192,heidelberg-man,96.7,73.5
heir,193,192,heir,97.0,51.6
heir appareni,193,192,heir-appareni,91.8,47.2
heirdom,193,192,heirdom,92.5,67.5
heir presumptive,193,192,heir-presumptive,96.2,42.7
heirship,193,192,heirship,93.3,74.2
hejlra,193,192,hejlra,91.6,0.0
heliocenter,193,192,heliocenter,92.6,43.0
heliocentrism,193,192,heliocentrism,93.1,11.9
heliolatry,193,192,heliolatry,92.7,83.3
heliophobia,193,192,heliophobia,91.8,74.0
heliotropism,193,192,heliotropism,92.7,48.0
hell,193,192,hell,95.2,90.1
Hellenic,193,192,hellenic,96.5,79.6
Hellenism,193,192,hellenism,95.1,53.9
Hellenist,193,192,hellenist,92.2,68.2
Hellenistic(-al),193,192,hellenistic-al,90.4,53.9
Hellenization,193,192,hellenization,92.1,58.7
Hellenizer,193,192,hellenizer,82.8,67.1
helot,193,192,helot,93.0,73.5
helotism,193,192,helotism,91.5,60.8
helotry,193,192,helotry,91.5,76.7
helping behavior,193,192,helping-behavior,96.5,56.6
helping professions,193,192,helping-professions,85.8,58.5
hematophobia,193,192,hematophobia,93.1,89.4
hemisphere,193,192,hemisphere,96.8,56.9
hemophobla,193,192,hemophobla,92.5,0.0
heness,193,192,heness,92.8,62.5
henotheism,193,192,henotheism,91.6,54.4
hepatoscopy,193,192,hepatoscopy,92.1,70.0
herald,193,192,herald,96.9,75.7
herbal,193,192,herbal,73.6,65.1
herbalism,193,192,herbalism,91.3,89.1
herbalist,193,192,herbalist,78.9,48.6
Herbartlanlsm,193,192,herbartlanlsm,44.9,89.4
herd,193,192,herd,,53.5
herding,193,192,herding,58.4,59.8
herd instinct,193,192,herd-instinct,69.3,0.0
herd mentality,193,192,herd-mentality,82.7,0.0
herd morality,193,192,herd-morality,75.0,0.0
herdsman,193,192,herdsman,88.8,0.0
hereafter,193,192,hereafter,69.5,0.0
heredltabillty,193,192,heredltabillty,42.7,0.0
hereditable,193,192,hereditable,64.3,28.0
hereditament,193,192,hereditament,70.8,58.9
heredltarlanlsm,193,192,heredltarlanlsm,42.5,84.0
hereditary,193,192,hereditary,82.4,36.9
hereditary characteristic,193,192,hereditary-characteristic,91.3,30.4
hereditary defect,193,192,hereditary-defect,89.6,62.5
hereditary predisposition x al,193,192,hereditary-predisposition-x-al,69.8,60.8
hereditist,193,192,hereditist,70.6,46.9
heredity,193,192,heredity,73.0,91.8
heresiology,193,192,heresiology,76.6,68.8
heresy,193,192,heresy,80.8,63.4
heretic,193,192,heretic,65.4,61.5
heretical,193,192,heretical,90.0,66.0
heritage,193,192,heritage,96.9,58.1
hermaphrodlsm,193,192,hermaphrodlsm,82.9,34.0
hermaphrodite,193,192,hermaphrodite,63.6,82.8
hermaphroditic,193,192,hermaphroditic,32.4,41.0
hermaphroditism,193,192,hermaphroditism,96.6,91.0
hermeneutical,194,193,hermeneutical,96.1,86.3
hermeneutical circle,194,193,hermeneutical-circle,82.9,79.7
hermeneutics,194,193,hermeneutics,96.9,67.0
hermetic(-al),194,193,hermetic-al,90.8,74.5
Hermetic art,194,193,hermetic-art,96.5,90.0
hermeticism,194,193,hermeticism,92.2,0.0
hermetics,194,193,hermetics,93.0,60.0
hermetism,194,193,hermetism,91.0,57.4
hermit,194,193,hermit,97.0,66.3
hermitage,194,193,hermitage,96.5,71.0
hermitic(-al),194,193,hermitic-al,91.5,84.0
hero,194,193,hero,96.9,89.3
hero cult,194,193,hero-cult,96.3,83.6
heroic,194,193,heroic,96.9,88.2
heroic legends,194,193,heroic-legends,64.3,83.8
heroic meter,194,193,heroic-meter,92.0,74.5
heroic play,194,193,heroic-play,96.8,85.4
heroic poem,194,193,heroic-poem,96.1,43.4
heroic verse,194,193,heroic-verse,96.2,72.2
heroism,194,193,heroism,96.2,75.4
hero worship,194,193,hero-worship,96.4,91.3
hero-worshiper,194,193,hero-worshiper,92.8,82.7
Herrenmora! (G.),194,193,herrenmora-g,85.2,82.7
Herrenvolk (G.),194,193,herrenvolk-g,91.4,70.9
hetaera,194,193,hetaera,91.9,65.7
hetaerism,194,193,hetaerism,92.8,68.7
heterodiegesis,194,193,heterodiegesis,91.7,63.4
heterodox,194,193,heterodox,96.3,57.2
heterodoxy,194,193,heterodoxy,77.1,56.4
heteroerotic,194,193,heteroerotic,80.4,56.0
heteroeroticism,194,193,heteroeroticism,39.1,77.5
heterogamous,194,193,heterogamous,92.8,91.1
heterogamy,194,193,heterogamy,63.2,89.5
heterogeneity,194,193,heterogeneity,83.8,90.9
heterogeneous,194,193,heterogeneous,94.5,86.3
heterogenic,194,193,heterogenic,60.1,84.7
heterogenous,194,193,heterogenous,96.4,0.0
heteroglossia,194,193,heteroglossia,42.9,83.4
heteroglot,194,193,heteroglot,46.7,70.6
heterography,194,193,heterography,70.5,0.0
heterological,194,193,heterological,81.3,56.5
heterology,194,193,heterology,74.7,90.7
heteromorphic,194,193,heteromorphic,79.1,80.2
heteromorphism,194,193,heteromorphism,50.2,83.7
heteronomous,194,193,heteronomous,58.8,67.6
heteronomy,194,193,heteronomy,83.8,88.2
heteronym,194,193,heteronym,87.1,62.6
heteronymous,194,193,heteronymous,90.8,50.3
heteronymy,194,193,heteronymy,1.9,49.5
Heteroousian,194,193,heteroousian,72.4,71.0
heteropatrlc,194,193,heteropatrlc,44.4,0.0
heteropatry,194,193,heteropatry,29.8,43.4
heterophemism,194,193,heterophemism,86.1,77.4
heterophemist,194,193,heterophemist,65.8,91.4
heterophemistic,194,193,heterophemistic,63.3,68.7
heterophemy,194,193,heterophemy,73.7,54.8
heterosexism,194,193,heterosexism,73.7,67.3
heterosexual,195,194,heterosexual,96.7,73.9
heterosexuality,195,194,heterosexuality,96.3,79.8
heterosexualization,195,194,heterosexualization,92.0,69.2
heterotelic,195,194,heterotelic,91.3,89.7
heterotopia,195,194,heterotopia,92.7,72.2
heterotopic,195,194,heterotopic,96.8,88.9
heterotopy,195,194,heterotopy,92.2,58.4
Heterousian Heteroousian,195,194,heterousian-heteroousian,91.7,0.0
heterozetesis,195,194,heterozetesis,92.0,70.3
heuristic,195,194,heuristic,96.5,63.8
heuristic principle,195,194,heuristic-principle,92.0,72.3
heuristics,195,194,heuristics,96.3,47.2
heuristic skepticism,195,194,heuristic-skepticism,96.1,75.6
hiatus,195,194,hiatus,96.1,63.9
hibernal,195,194,hibernal,91.8,91.4
hibernation,195,194,hibernation,53.2,79.1
hibernator,195,194,hibernator,92.2,36.7
Hibernian,195,194,hibernian,96.5,76.9
Hibernicism,195,194,hibernicism,92.0,58.2
hidden language,195,194,hidden-language,96.1,53.7
hidden observer,195,194,hidden-observer,96.8,52.6
hierarch,195,194,hierarch,91.4,76.0
hierarchal,195,194,hierarchal,84.0,56.5
hierarchic(-al),195,194,hierarchic-al,87.5,82.0
hierarchical order,195,194,hierarchical-order,96.7,89.9
hierarchical structure,195,194,hierarchical-structure,95.7,75.0
hierarchism,195,194,hierarchism,91.3,70.6
hierarchization,195,194,hierarchization,92.5,60.0
hierarchy,195,194,hierarchy,66.0,89.4
hierarchy of drives,195,194,hierarchy-of-drives,96.3,89.4
hierarchy of sciences,195,194,hierarchy-of-sciences,89.4,54.1
hieratic,195,194,hieratic,32.1,77.2
hierocracy,195,194,hierocracy,92.2,80.2
hierocratic(-al),195,194,hierocratic-al,46.1,80.6
hlerodule,195,194,hlerodule,0.0,70.1
hlerogamy,195,194,hlerogamy,0.0,84.0
hieroglyph,195,194,hieroglyph,46.0,83.0
hieroglyphic(s),195,194,hieroglyphic-s,63.1,89.4
hieroglyphist,195,194,hieroglyphist,49.3,67.5
hierogram,195,194,hierogram,91.5,85.0
hierohistory,195,194,hierohistory,60.8,82.3
hierolatry,195,194,hierolatry,75.9,15.8
hierology,195,194,hierology,70.2,54.4
hierophant,195,194,hierophant,5.4,81.4
hierophantic,195,194,hierophantic,56.9,88.1
hlerophany,195,194,hlerophany,28.2,68.4
hierophobla,195,194,hierophobla,38.6,48.2
highborn,195,194,highborn,57.6,86.6
highbred,195,194,highbred,62.4,64.8
highbrow,195,194,highbrow,70.7,63.3
High Church,195,194,high-church,95.7,82.0
high-class,195,194,high-class,69.0,70.8
high comedy,195,194,high-comedy,89.0,75.3
high command,195,194,high-command,65.3,92.2
high council,195,194,high-council,96.1,91.3
high court,195,194,high-court,78.5,72.0
high culture,195,194,high-culture,91.9,74.1
high day,195,194,high-day,95.7,89.9
higher,196,195,higher,96.9,57.8
higher anthropoids,196,195,higher-anthropoids,92.5,91.8
higher concepts,196,195,higher-concepts,96.4,90.0
higher criticism,196,195,higher-criticism,95.8,88.1
higher education,196,195,higher-education,96.4,91.1
higher genus.,196,195,higher-genus,48.1,69.9
higher knowledge,196,195,higher-knowledge,96.6,49.9
higher learning,196,195,higher-learning,96.5,91.9
higher order,196,195,higher-order,96.2,41.0
higher science,196,195,higher-science,96.9,0.0
higher species,196,195,higher-species,96.5,73.8
higher sphere,196,195,higher-sphere,96.6,49.2
higher status,196,195,higher-status,96.8,80.3
highest good,196,195,highest-good,96.4,38.6
highest sphere,196,195,highest-sphere,96.6,0.0
high-flown,196,195,high-flown,91.9,0.0
high frequency,196,195,high-frequency,96.4,0.0
High German,196,195,high-german,96.1,76.9
high-grade,196,195,high-grade,97.0,16.8
high hand,196,195,high-hand,96.8,81.3
highhanded,196,195,highhanded,9.6,38.8
highland,196,195,highland,38.7,88.1
highlander,196,195,highlander,96.3,64.6
high life,196,195,high-life,96.7,89.0
highlight,196,195,highlight,97.0,69.9
high minded,196,195,high-minded,86.2,62.8
high priest,196,195,high-priest,80.5,69.2
high relief,196,195,high-relief,96.5,63.7
High Renaissance,196,195,high-renaissance,96.6,53.0
high school,196,195,high-school,96.0,87.5
high sea,196,195,high-sea,96.7,85.4
high-spirited,196,195,high-spirited,97.0,74.3
high-tech,196,195,high-tech,96.9,56.5
high treason,196,195,high-treason,96.3,75.3
high vowel,196,195,high-vowel,96.7,76.0
high-yield,196,195,high-yield,76.2,34.4
"hijab (Ar,Pers.)",196,195,hijab-ar-pers,80.9,37.0
hijra (Hindi. <Ar.),196,195,hijra-hindi-ar,47.4,67.5
Hindi,196,195,hindi,86.5,36.2
Hindoo Hindu,196,195,hindoo-hindu,67.9,0.0
~Hindooism Hinduism,196,195,hindooism-hinduism,53.5,0.0
Hindu,196,195,hindu,77.2,71.5
Hinduism,196,195,hinduism,81.7,51.5
Hindustani,196,195,hindustani,94.9,86.9
hinterland,196,195,hinterland,68.2,69.9
hippiedom,196,195,hippiedom,64.9,23.2
hippie,196,195,hippie,82.6,46.3
hippy hippie,196,195,hippy-hippie,96.4,0.0
histogram,196,195,histogram,96.7,90.7
historian,196,195,historian,97.0,82.2
historic,196,195,historic,68.2,52.9
historic(-al) present,196,195,historic-al-present,68.7,52.5
historical,196,195,historical,72.3,59.9
historical consciousness,196,195,historical-consciousness,44.6,78.7
historical distancing,196,195,historical-distancing,74.5,86.4
historical facticity,196,195,historical-facticity,74.5,79.7
historical inevitability,196,195,historical-inevitability,77.1,72.4
historicality,196,195,historicality,47.4,78.8
historical linguistics,196,195,historical-linguistics,84.8,86.9
historically,196,195,historically,67.7,64.7
historical materialism,196,195,historical-materialism,66.1,86.3
historical method,196,195,historical-method,84.8,69.8
historical necessity,196,195,historical-necessity,81.8,72.9
historical particularism,196,195,historical-particularism,71.1,87.0
historical perspective,197,196,historical-perspective,82.0,82.1
historical school,197,196,historical-school,96.7,82.3
historical sociology,197,196,historical-sociology,79.7,75.2
historicism,197,196,historicism,92.7,29.9
historicist,197,196,historicist,91.5,56.3
historicity,197,196,historicity,97.0,61.7
historicization,197,196,historicization,91.3,68.1
historiographer,197,196,historiographer,88.5,76.5
historiographic(-al),197,196,historiographic-al,89.3,49.7
historiography,197,196,historiography,51.6,80.9
historiologist,197,196,historiologist,90.4,90.7
historiology,197,196,historiology,59.7,89.7
historism,197,196,historism,92.9,51.6
historistic,197,196,historistic,90.0,74.6
history,197,196,history,96.3,66.5
history-maker,197,196,history-maker,92.0,88.1
histrionic,197,196,histrionic,91.9,74.9
histrionics,197,196,histrionics,85.7,73.9
histrionism,197,196,histrionism,91.0,84.0
hoard,197,196,hoard,96.9,71.6
hoarder,197,196,hoarder,92.0,88.1
hoarding,197,196,hoarding,63.8,81.2
Hobbism,197,196,hobbism,92.2,83.8
hobby,197,196,hobby,96.5,88.8
hoe-culture,197,196,hoe-culture,92.5,91.0
holding(s),197,196,holding-s,92.5,65.5
holding company,197,196,holding-company,96.7,65.5
holergasis,197,196,holergasis,93.1,88.5
holiday,197,196,holiday,82.8,81.4
holiday pay,197,196,holiday-pay,96.9,58.3
holiness,197,196,holiness,81.0,73.1
holism,197,196,holism,46.9,49.1
holist,197,196,holist,26.5,42.2
holistlc,197,196,holistlc,42.7,73.5
holistic approach,197,196,holistic-approach,84.1,67.5
holistic ecology,197,196,holistic-ecology,85.5,35.3
holocaust,197,196,holocaust,71.2,46.0
holophrase,197,196,holophrase,41.3,89.6
holophrastic stage,197,196,holophrastic-stage,60.6,87.9
holos (Gr),197,196,holos-gr,52.2,30.1
holy,197,196,holy,58.7,44.8
Holy Alliance,197,196,holy-alliance,88.4,40.6
Holy Book,197,196,holy-book,92.0,52.4
Holy Communion,197,196,holy-communion,84.4,68.3
holy day; holyday,197,196,holy-day-holyday,82.4,68.9
Holy Father,197,196,holy-father,94.0,58.2
Holy Ghost,197,196,holy-ghost,94.9,0.0
Holy Grail,197,196,holy-grail,88.2,46.0
Holy Intellect,197,196,holy-intellect,89.3,34.7
Holy League,197,196,holy-league,95.9,7.5
Holy Name,197,196,holy-name,93.4,93.4
Holy Office,197,196,holy-office,76.8,63.8
Holy One,197,196,holy-one,89.6,12.4
holy orders,197,196,holy-orders,94.1,72.4
holy place,197,196,holy-place,95.7,66.0
Holy See,197,196,holy-see,94.2,82.8
holy soul,198,197,holy-soul,96.7,58.6
Holy Spirit,198,197,holy-spirit,95.9,14.4
Holy Synod,198,197,holy-synod,95.1,43.9
holy tradition,198,197,holy-tradition,96.6,63.3
holy war,198,197,holy-war,96.5,69.1
Holy Writ,198,197,holy-writ,96.6,85.6
homage,198,197,homage,96.6,75.2
home,198,197,home,96.6,90.6
home-arrest,198,197,home-arrest,91.9,79.3
homebound,198,197,homebound,96.9,0.0
homebred,198,197,homebred,91.3,0.0
home economics,198,197,home-economics,96.3,77.5
home education,198,197,home-education,96.7,90.0
home front,198,197,home-front,96.7,87.9
homegrown,198,197,homegrown,96.2,74.1
home instruction,198,197,home-instruction,96.4,84.0
homeland,198,197,homeland,96.4,75.6
homeless,198,197,homeless,96.7,0.0
homely,198,197,homely,96.9,69.7
homemade,198,197,homemade,96.9,89.7
homemaker,198,197,homemaker,96.4,92.7
home of flesh,198,197,home-of-flesh,96.7,85.3
homeopath,198,197,homeopath,92.1,55.2
homeopathic,198,197,homeopathic,96.7,17.5
homeopathist,198,197,homeopathist,92.3,42.5
homeopathy,198,197,homeopathy,96.4,78.7
homeostasis,198,197,homeostasis,96.2,77.7
home relief,198,197,home-relief,96.3,66.2
Homeric,198,197,homeric,96.5,66.2
home rule,198,197,home-rule,96.2,90.3
homesick,198,197,homesick,50.9,49.6
homesickness,198,197,homesickness,84.8,86.3
homespun,198,197,homespun,13.1,92.3
homestead,198,197,homestead,60.8,65.1
hometown,198,197,hometown,52.2,85.1
homework,198,197,homework,80.6,72.9
home worker,198,197,home-worker,92.0,88.8
homey,198,197,homey,67.9,74.1
homicidal,198,197,homicidal,96.8,46.6
homicide,198,197,homicide,72.7,46.7
homiletic(-al),198,197,homiletic-al,90.5,75.3
homiletics,198,197,homiletics,86.8,63.6
homilist,198,197,homilist,60.9,80.5
homily,198,197,homily,86.9,72.8
hominid,198,197,hominid,60.9,79.8
hominidae,198,197,hominidae,66.5,73.0
hominine,198,197,hominine,67.9,79.1
hominism,198,197,hominism,92.1,86.4
hominization,198,197,hominization,77.3,59.0
hominized,198,197,hominized,47.1,65.5
hominoid,198,197,hominoid,55.1,91.7
homme moyen sensuel (Fr.),198,197,homme-moyen-sensuel-fr,90.8,89.7
homo,198,197,homo,91.3,59.3
homo antecessor,198,197,homo-antecessor,80.0,74.7
homodicy,198,197,homodicy,62.4,90.9
Homo economicus (L),198,197,homo-economicus-l,73.0,68.4
Homo erectus,198,197,homo-erectus,95.6,91.1
homoerotic,198,197,homoerotic,60.8,90.0
homoeroticism,198,197,homoeroticism,47.9,86.0
homoerotism homoeroticism,199,198,homoerotism-homoeroticism,92.0,0.0
Homo faber (L.),199,198,homo-faber-l,92.3,88.9
homogamous,199,198,homogamous,92.1,14.7
homogamy,199,198,homogamy,92.0,70.9
homogeneity,199,198,homogeneity,96.1,80.6
homogeneous,199,198,homogeneous,96.1,88.9
homogenesis,199,198,homogenesis,91.8,58.0
homogenization,199,198,homogenization,96.2,36.9
homogenizer,199,198,homogenizer,96.4,92.4
homogeny,199,198,homogeny,58.9,71.8
homograph,199,198,homograph,93.0,83.9
homographic,199,198,homographic,92.2,77.2
homography,199,198,homography,92.9,84.0
Homo habilis,199,198,homo-habilis,91.5,66.9
Homoiousian,199,198,homoiousian,91.5,65.1
homologous,199,198,homologous,74.2,51.8
homologue,199,198,homologue,96.7,83.1
homology,199,198,homology,73.1,67.7
homo mensura (L.),199,198,homo-mensura-l,92.0,48.5
homomorphic,199,198,homomorphic,90.7,23.4
homomorphism,199,198,homomorphism,96.7,82.0
homomorphous,199,198,homomorphous,90.0,70.2
homomorphy,199,198,homomorphy,91.3,68.5
Homo neanderthalensis,199,198,homo-neanderthalensis,92.5,69.0
homonym,199,198,homonym,92.1,58.4
homonymic,199,198,homonymic,94.0,0.0
homonymous,199,198,homonymous,95.8,80.6
homonymy,199,198,homonymy,92.1,61.9
Homoousian,199,198,homoousian,91.3,66.8
homophile,199,198,homophile,91.7,83.1
homophobia,199,198,homophobia,96.2,74.1
homophone,199,198,homophone,92.3,62.7
homophonic homophonous,199,198,homophonic-homophonous,84.8,0.0
homophonous,199,198,homophonous,65.8,70.5
homophony,199,198,homophony,74.5,90.3
homo politicus (L.),199,198,homo-politicus-l,91.4,39.8
Homo rationalis (L.),199,198,homo-rationalis-l,90.6,14.4
homorganic,199,198,homorganic,0.0,61.6
homorganic assimilation,199,198,homorganic-assimilation,80.4,78.0
Homo sapiens (L.),199,198,homo-sapiens-l,90.8,81.4
homosex,199,198,homosex,73.3,33.4
homosexual,199,198,homosexual,67.0,89.8
homosexuality,199,198,homosexuality,96.6,87.6
homotheism,199,198,homotheism,82.1,74.1
honest,199,198,honest,49.9,87.3
honest graft,199,198,honest-graft,88.0,89.8
honesty,199,198,honesty,93.2,84.7
honor,199,198,honor,95.0,78.7
honorable,199,198,honorable,75.6,65.0
honorable mention,199,198,honorable-mention,93.0,45.8
honor and shame,199,198,honor-and-shame,93.2,42.4
honorarium (L.),199,198,honorarium-l,77.8,86.2
honorary,199,198,honorary,96.7,86.0
honorary society,199,198,honorary-society,95.6,75.8
honorific,199,198,honorific,,87.9
honorific distinctions,199,198,honorific-distinctions,96.4,82.5
honorific system,199,198,honorific-system,91.3,85.4
honorific terms,199,198,honorific-terms,81.5,82.6
honoris causa (L.),199,198,honoris-causa-l,87.3,45.2
honor killing,199,198,honor-killing,86.6,83.4
honor society,200,199,honor-society,96.6,66.4
honors of war,200,199,honors-of-war,96.6,81.9
honor system,200,199,honor-system,96.4,85.4
honour,200,199,honour,96.5,59.7
hoodlum,200,199,hoodlum,37.4,65.2
hoodiumism,200,199,hoodiumism,79.3,87.9
hooligan,200,199,hooligan,96.8,69.5
hooliganism,200,199,hooliganism,96.3,81.8
horde,200,199,horde,96.1,81.7
horizon,200,199,horizon,52.4,44.6
horizon of intentionality,200,199,horizon-of-intentionality,96.7,63.4
horizontal,200,199,horizontal,96.9,57.1
horizontal communication,200,199,horizontal-communication,92.3,88.9
horizontal décalage,200,199,horizontal-d-calage,91.2,77.8
horizontal group,200,199,horizontal-group,96.3,84.6
horizontal intentionality,200,199,horizontal-intentionality,96.7,63.0
horizontal mobility,200,199,horizontal-mobility,82.3,20.1
horizontal union,200,199,horizontal-union,90.1,67.1
hormic psychology,200,199,hormic-psychology,93.8,67.0
horoscope,200,199,horoscope,96.4,81.0
horror naturalis (L.),200,199,horror-naturalis-l,83.1,90.3
hortation,200,199,hortation,86.3,67.8
hortatory,200,199,hortatory,92.6,69.5
hortatory discourse,200,199,hortatory-discourse,84.4,73.3
horticulture,200,199,horticulture,90.9,37.5
hospice,200,199,hospice,96.3,63.5
hospital,200,199,hospital,96.1,89.7
hospitalism,200,199,hospitalism,91.7,88.0
hospitality,200,199,hospitality,96.9,87.9
hospitality industry,200,199,hospitality-industry,96.6,63.1
host,200,199,host,96.7,84.4
hostage,200,199,hostage,77.5,67.2
host culture,200,199,host-culture,96.3,66.0
hostile,200,199,hostile,37.9,77.8
hostility,200,199,hostility,31.9,22.3
hot-blooded,200,199,hot-blooded,65.7,79.5
hot pursuit,200,199,hot-pursuit,90.1,83.6
hourly employee,200,199,hourly-employee,93.1,84.3
hourly rate,200,199,hourly-rate,96.4,91.3
hourly-rate worker,200,199,hourly-rate-worker,56.6,67.7
hour wage,200,199,hour-wage,85.5,87.2
house,200,199,house,68.2,78.6
house arrest,200,199,house-arrest,88.6,91.7
housebound,200,199,housebound,92.5,85.2
housebreaking,200,199,housebreaking,96.3,84.9
house document,200,199,house-document,83.2,80.5
household,200,199,household,82.5,92.0
household administration,200,199,household-administration,74.6,46.3
household consumption,200,199,household-consumption,95.8,78.0
household economy,200,199,household-economy,90.8,89.5
household employee,200,199,household-employee,94.6,77.5
householder,200,199,householder,86.1,67.8
household gods,200,199,household-gods,92.6,80.1
household management,200,199,household-management,95.1,91.4
household size,200,199,household-size,95.5,86.3
househusband,200,199,househusband,87.2,85.3
housekeeper,200,199,housekeeper,36.4,71.5
housekeeping,200,199,housekeeping,96.0,91.9
house magazine,200,199,house-magazine,93.8,81.8
housemaid,200,199,housemaid,85.3,73.6
housemaster,201,200,housemaster,91.3,72.4
housemate,201,200,housemate,96.6,75.2
House of Commons,201,200,house-of-commons,95.8,76.8
house of correction,201,200,house-of-correction,95.6,71.5
house of detention,201,200,house-of-detention,96.7,91.5
House of Lords,201,200,house-of-lords,85.7,83.3
House of Peers,201,200,house-of-peers,96.6,83.0
house of refuge,201,200,house-of-refuge,95.7,92.9
House of Representatives,201,200,house-of-representatives,96.6,70.5
house organ,201,200,house-organ,96.3,71.7
house physician,201,200,house-physician,96.4,64.3
house sitter,201,200,house-sitter,96.3,76.7
housewife,201,200,housewife,96.4,84.8
housewifery,201,200,housewifery,92.4,85.2
housework,201,200,housework,96.2,90.6
housing,201,200,housing,96.5,64.8
housing cooperative,201,200,housing-cooperative,96.6,80.8
house of God,201,200,house-of-god,96.5,71.0
house of ill fame,201,200,house-of-ill-fame,81.4,90.7
house of ill repute,201,200,house-of-ill-repute,94.3,89.4
hubris,201,200,hubris,85.9,85.4
huckster,201,200,huckster,91.6,79.1
human,201,200,human,96.0,88.3
human being,201,200,human-being,95.9,58.7
human capital,201,200,human-capital,96.1,71.7
human communication,201,200,human-communication,96.1,83.5
humane,201,200,humane,96.7,76.0
human ecology,201,200,human-ecology,95.8,90.0
humaneness,201,200,humaneness,20.6,70.0
human engineering,201,200,human-engineering,96.3,69.8
human geography,201,200,human-geography,96.2,87.2
human herd,201,200,human-herd,93.6,88.2
humanism,201,200,humanism,85.1,79.7
humanist,201,200,humanist,74.6,66.7
humanistic,201,200,humanistic,82.1,76.2
humanistic psychology,201,200,humanistic-psychology,84.4,88.4
humanistic sciences,201,200,humanistic-sciences,93.7,0.0
humanitarian,201,200,humanitarian,60.4,70.3
humanitarianism,201,200,humanitarianism,67.3,70.9
humanitas (L.),201,200,humanitas-l,64.3,33.9
humanities,201,200,humanities,50.0,78.1
humanity,201,200,humanity,90.7,76.0
humanization,201,200,humanization,48.5,74.7
humanized,201,200,humanized,83.7,91.1
humankind,201,200,humankind,91.5,50.9
human nature,201,200,human-nature,96.0,81.2
humanness,201,200,humanness,38.1,20.8
humanoid,201,200,humanoid,88.8,90.5
human potential,201,200,human-potential,88.9,78.2
human race,201,200,human-race,79.9,72.9
human relations,201,200,human-relations,94.8,82.4
human resources,201,200,human-resources,92.4,86.3
human rights,201,200,human-rights,89.2,89.8
human sacrifice,201,200,human-sacrifice,96.1,75.9
human sciences,201,200,human-sciences,96.7,90.6
human soul,201,200,human-soul,95.8,68.0
humble,201,200,humble,23.4,83.7
humbleness,201,200,humbleness,75.8,91.7
humiliation,201,200,humiliation,45.7,82.1
humor,202,201,humor,96.8,79.8
humoral,202,201,humoral,96.8,73.4
humorist,202,201,humorist,96.3,65.4
humorous,202,201,humorous,96.6,78.9
hunter,202,201,hunter,96.5,89.0
hunter-gatherer,202,201,hunter-gatherer,96.7,51.7
hunting,202,201,hunting,96.8,70.2
huntress,202,201,huntress,90.8,73.0
huntsman,202,201,huntsman,92.3,63.0
husband,202,201,husband,96.4,73.6
husbandman,202,201,husbandman,92.0,88.8
husbandry,202,201,husbandry,91.3,60.5
hybrid,202,201,hybrid,41.4,53.8
hybridism hybridity,202,201,hybridism-hybridity,94.6,0.0
hybridity,202,201,hybridity,93.5,84.3
hybridization,202,201,hybridization,96.6,82.6
hybrid structure,202,201,hybrid-structure,96.6,85.9
hydraulic,202,201,hydraulic,96.9,77.0
hydromancy,202,201,hydromancy,91.4,78.9
hydrophobia,202,201,hydrophobia,92.1,74.8
hydrosphere,202,201,hydrosphere,92.0,76.3
hydrotherapy,202,201,hydrotherapy,96.8,87.8
hydrotropism,202,201,hydrotropism,92.7,68.7
hygiene,202,201,hygiene,96.5,85.2
hygienic,202,201,hygienic,96.8,92.0
hygienic psychology,202,201,hygienic-psychology,96.0,67.8
hygienics,202,201,hygienics,93.2,82.4
hygienist,202,201,hygienist,96.1,91.5
hylomorphism,202,201,hylomorphism,92.3,83.2
hylotheism,202,201,hylotheism,91.7,86.0
hylozoism,202,201,hylozoism,91.5,86.1
hymn,202,201,hymn,96.9,56.8
hypaesthesia hypesthesia,202,201,hypaesthesia-hypesthesia,92.3,0.0
hyperactive,202,201,hyperactive,54.3,37.3
hyperactivity,202,201,hyperactivity,26.4,72.4
hyperaesthesia hyperesthesia,202,201,hyperaesthesia-hyperesthesia,72.3,0.0
hyperalgesia,202,201,hyperalgesia,94.0,71.3
hyperbole,202,201,hyperbole,78.9,64.9
hyperbolism,202,201,hyperbolism,72.9,60.9
hyperborean,202,201,hyperborean,64.9,89.2
hypercathexis,202,201,hypercathexis,38.7,37.3
hypercorrect,202,201,hypercorrect,63.6,81.9
hypercorrection,202,201,hypercorrection,91.7,81.8
hypercritic(-al),202,201,hypercritic-al,67.1,60.0
hypercriticism,202,201,hypercriticism,23.9,88.4
hyperdulia,202,201,hyperdulia,58.9,77.0
hyperergasia,202,201,hyperergasia,86.6,63.6
hyperesthesia,202,201,hyperesthesia,44.6,83.6
hyperesthetic,202,201,hyperesthetic,55.5,65.9
hypergamy,202,201,hypergamy,80.3,91.4
hyperinflation,202,201,hyperinflation,37.3,81.9
hyperinflationary,202,201,hyperinflationary,64.1,48.9
hyperkinesia,202,201,hyperkinesia,69.9,58.4
hyperkinesis hyperkinesia,202,201,hyperkinesis-hyperkinesia,50.7,0.0
hyperkinetic,202,201,hyperkinetic,50.1,54.5
hyperlogia,202,201,hyperlogia,64.7,24.2
hypermarket,202,201,hypermarket,92.0,90.9
hypermnesia,202,201,hypermnesia,58.6,86.8
hypermnesic,202,201,hypermnesic,32.4,44.2
hypermorality,202,201,hypermorality,61.7,86.2
hypernym,202,201,hypernym,60.8,0.0
hypernymy,202,201,hypernymy,61.8,0.0
hyperorexia,202,201,hyperorexia,22.6,0.0
hyperosmia,202,201,hyperosmia,65.6,74.3
hyperphagia,202,201,hyperphagia,36.8,74.2
hyperphasia hyperphrasia,202,201,hyperphasia-hyperphrasia,92.0,0.0
hyperphrasia,203,202,hyperphrasia,92.8,76.9
hyperphrenia,203,202,hyperphrenia,92.5,76.7
hyperreal,203,202,hyperreal,93.0,89.7
hyperrealism,203,202,hyperrealism,92.5,89.2
hyperrealistic,203,202,hyperrealistic,92.6,85.0
hyperreality,203,202,hyperreality,92.2,68.8
hypersensitive,203,202,hypersensitive,96.3,65.2
hypersensitivity,203,202,hypersensitivity,96.5,46.4
hypersexual,203,202,hypersexual,92.4,82.9
hypersexuality,203,202,hypersexuality,92.4,71.0
hypersomnia,203,202,hypersomnia,90.9,35.0
hyperspace,203,202,hyperspace,96.3,52.7
hypertension,203,202,hypertension,96.2,62.9
hypertext,203,202,hypertext,96.8,83.8
hypertextuality,203,202,hypertextuality,92.8,59.4
hyperthymia,203,202,hyperthymia,91.1,42.6
hyperurbanism,203,202,hyperurbanism,91.6,80.1
hypervigilant,203,202,hypervigilant,92.2,85.7
hypesthesia,203,202,hypesthesia,88.2,37.2
hypnagogic,203,202,hypnagogic,91.2,63.4
hypnoanalysis,203,202,hypnoanalysis,92.1,89.6
hypnogenesis,203,202,hypnogenesis,86.2,82.2
hypnogenous,203,202,hypnogenous,52.0,73.2
hypnogoglc,203,202,hypnogoglc,91.7,0.0
hypnoid(-al),203,202,hypnoid-al,90.5,80.1
hypnology,203,202,hypnology,90.5,89.3
hypnopaedia,203,202,hypnopaedia,91.9,0.0
hypnopedia,203,202,hypnopedia,91.8,7.6
hypnophobia,203,202,hypnophobia,90.8,80.7
hypnopompic,203,202,hypnopompic,91.0,78.8
hypnosis,203,202,hypnosis,96.9,70.9
hypnotherapy,203,202,hypnotherapy,96.6,73.5
hypnotic,203,202,hypnotic,24.2,82.8
hypnotic analgesis,203,202,hypnotic-analgesis,83.2,88.2
hypnotic behavior,203,202,hypnotic-behavior,85.5,92.4
hypnotic regression,203,202,hypnotic-regression,86.4,67.2
hypnotic sleep,203,202,hypnotic-sleep,91.3,92.4
hypnotic susceptibility,203,202,hypnotic-susceptibility,83.4,90.5
hypnotic trance,203,202,hypnotic-trance,91.4,91.5
hypnotism,203,202,hypnotism,93.9,88.8
hypnotist,203,202,hypnotist,46.2,90.4
hypnotizable,203,202,hypnotizable,64.2,88.9
hypnotization,203,202,hypnotization,18.9,92.4
hypnotizer,203,202,hypnotizer,58.1,92.1
hypoactive,203,202,hypoactive,31.3,87.0
hypochondria,203,202,hypochondria,53.5,75.0
hypochondriac,203,202,hypochondriac,71.7,55.8
hypochondrlasls,203,202,hypochondrlasls,73.1,64.9
hypocrisy,203,202,hypocrisy,79.0,88.4
hypocrite,203,202,hypocrite,87.6,77.4
hypocritical,203,202,hypocritical,69.7,75.3
hypoergasia,203,202,hypoergasia,69.5,23.6
hypoesthesia,203,202,hypoesthesia,0.0,64.5
hypogamy,203,202,hypogamy,74.5,91.4
hypokinesis,203,202,hypokinesis,75.5,89.1
hypologia,203,202,hypologia,91.7,91.7
hypomania,203,202,hypomania,92.6,90.8
hypomanlac,203,202,hypomanlac,23.0,82.4
hypomnesia,203,202,hypomnesia,92.1,88.7
hyponym,203,202,hyponym,83.4,78.4
hyponymy,203,202,hyponymy,58.0,81.5
hypophrasia,203,202,hypophrasia,63.9,87.5
hypophrenla,203,202,hypophrenla,27.7,77.8
hyposensitive,203,202,hyposensitive,73.2,83.4
hyposensltivlty .r,203,202,hyposensltivlty-r,35.1,63.4
hypostasis,204,203,hypostasis,92.9,71.7
hypostatic,204,203,hypostatic,92.0,71.6
hypostatic union,204,203,hypostatic-union,94.9,68.6
hypostatization,204,203,hypostatization,17.0,62.1
hyposthenia,204,203,hyposthenia,92.1,57.5
hypotactic,204,203,hypotactic,91.4,33.8
hypotaxis,204,203,hypotaxis,91.8,88.1
hypothecation,204,203,hypothecation,91.1,38.2
hypothesis,204,203,hypothesis,96.8,50.0
hypothetical,204,203,hypothetical,96.4,71.2
hypothetical construct,204,203,hypothetical-construct,66.0,86.7
hypothetical dualism,204,203,hypothetical-dualism,96.4,51.9
hypothetical morality,204,203,hypothetical-morality,96.5,73.5
hypothetical origin,204,203,hypothetical-origin,86.3,90.4
hypothetical syllogism,204,203,hypothetical-syllogism,79.6,68.8
hypotheticism,204,203,hypotheticism,67.4,92.0
hypothetico-deductive method,204,203,hypothetico-deductive-method,74.6,50.5
hypothymia,204,203,hypothymia,38.4,87.1
hypotrophy,204,203,hypotrophy,29.3,67.7
hypsographic,204,203,hypsographic,65.9,80.1
hypsography,204,203,hypsography,67.5,79.2
hypsophobia,204,203,hypsophobia,90.7,76.1
hysteria,204,203,hysteria,6.3,69.5
hysteric,204,203,hysteric,63.9,77.2
hysterical,204,203,hysterical,96.3,75.6
hysteriform,204,203,hysteriform,90.5,91.9
hysterlogenic,204,203,hysterlogenic,18.3,74.4
hysteroid,204,203,hysteroid,51.8,90.2
