headword,source_headword_line,pdf_page,printed_page,anchor,head_confidence,persian_ocr_confidence
Yahwe,Yahwe = Yahweh,503,502,yahwe,96.5,0
Yahweh [ose,Yahweh [ose,503,502,yahweh-ose,58.6,66.2
Yahwlsm,Yahwlsm,503,502,yahwlsm,58.6,28.1
Yahwlst,Yahwlst,503,502,yahwlst,42.7,53.9
Yahwistic,Yahwistic,503,502,yahwistic,92.5,54.8
Yankee,Yankee,503,502,yankee,35.8,65.3
Yankeedom [lS,Yankeedom [lS,503,502,yankeedom-ls,55.2,66.7
Yankeeism,Yankeeism,503,502,yankeeism,35.5,63.7
yearly allowance 4YLe,yearly allowance 4YLe,503,502,yearly-allowance-4yle,71.0,81.8
yea-sayer sss),yea-sayer sss),503,502,yea-sayer-sss,63.6,91.3
yellow,yellow,503,502,yellow,42.9,89.7
yellow journalism,yellow journalism,503,502,yellow-journalism,59.3,66.9
"yeoman 40.:,).. .;,la.:, •t)j 9","yeoman 40.:,).. .;,la.:, •t)j 9",503,502,yeoman-40-la-t-j-9,27.6,71.7
yeomanry,yeomanry,503,502,yeomanry,91.4,0
Yiddish,Yiddish,503,502,yiddish,96.5,0
Ylddishlsm,Ylddishlsm,503,502,ylddishlsm,56.5,35.3
yleld,yleld,503,502,yleld,35.7,77.3
yleldlng,yleldlng,503,502,yleldlng,32.0,57.5
yleldingness,yleldingness,503,502,yleldingness,43.5,54.6
yleld of capital,yleld of capital,503,502,yleld-of-capital,62.9,66.3
yob,yob,503,502,yob,45.9,62.7
yobbish,yobbish,503,502,yobbish,39.4,78.9
yobbishness,yobbishness,503,502,yobbishness,33.3,81.2
yob culture,yob culture,503,502,yob-culture,24.1,88.5
yoga; Yoga (Skt.) Wa,yoga; Yoga (Skt.) Wa,503,502,yoga-yoga-skt-wa,76.9,70.9
yonl (Skt.),yonl (Skt.),503,502,yonl-skt,76.9,65.6
youth,youth,503,502,youth,8.8,61.7
youth club,youth club,503,502,youth-club,47.3,92.0
youth culture blg> Sim,youth culture blg> Sim,503,502,youth-culture-blg-sim,58.5,88.9
youthful,youthful,503,502,youthful,58.5,90.8
youthfulness,youthfulness,503,502,youthfulness,54.0,80.6
Yuman,Yuman,503,502,yuman,50.1,62.7
