pdf_page,printed_page,part,chapter,narrator_fa,narrator_en,file
1,1,front-matter,,,,00-front-matter.md
2,2,front-matter,,,,00-front-matter.md
3,3,front-matter,,,,00-front-matter.md
4,4,front-matter,,,,00-front-matter.md
5,5,translator-note,,,,01-translators-note.md
6,6,main-text,1,دارل,Darl,text/001-darl.md
7,7,main-text,2,کورا,Cora,text/002-cora.md
8,8,main-text,2,کورا,Cora,text/002-cora.md
9,9,main-text,3,دارل,Darl,text/003-darl.md
10,10,main-text,3,دارل,Darl,text/003-darl.md
11,11,main-text,4,جوئل,Jewel,text/004-jewel.md
12,12,main-text,5,دارل,Darl,text/005-darl.md
13,13,main-text,5,دارل,Darl,text/005-darl.md
14,14,main-text,5,دارل,Darl,text/005-darl.md
15,15,main-text,6,کورا,Cora,text/006-cora.md
16,16,main-text,6,کورا,Cora,text/006-cora.md
17,17,main-text,7,دیویی‌دل,Dewey Dell,text/007-dewey-dell.md
18,18,main-text,7,دیویی‌دل,Dewey Dell,text/007-dewey-dell.md
19,19,main-text,8,تل,Tull,text/008-tull.md
20,20,main-text,8,تل,Tull,text/008-tull.md
21,21,main-text,8,تل,Tull,text/008-tull.md
22,22,main-text,8,تل,Tull,text/008-tull.md
23,23,main-text,9,آنسی,Anse,text/009-anse.md
24,24,main-text,9,آنسی,Anse,text/009-anse.md
25,25,main-text,10,دارل,Darl,text/010-darl.md
26,26,main-text,11,پیبادی,Peabody,text/011-peabody.md
27,27,main-text,11,پیبادی,Peabody,text/011-peabody.md
28,28,main-text,11,پیبادی,Peabody,text/011-peabody.md
29,29,main-text,12,دارل,Darl,text/012-darl.md
30,30,main-text,12,دارل,Darl,text/012-darl.md
31,31,main-text,12,دارل,Darl,text/012-darl.md
32,32,main-text,13,وردمن,Vardaman,text/013-vardaman.md
33,33,main-text,13,وردمن,Vardaman,text/013-vardaman.md
34,34,main-text,13,وردمن,Vardaman,text/013-vardaman.md
35,35,main-text,14,دیویی‌دل,Dewey Dell,text/014-dewey-dell.md
36,36,main-text,14,دیویی‌دل,Dewey Dell,text/014-dewey-dell.md
37,37,main-text,14,دیویی‌دل,Dewey Dell,text/014-dewey-dell.md
38,38,main-text,14,دیویی‌دل,Dewey Dell,text/014-dewey-dell.md
39,39,main-text,15,وردمن,Vardaman,text/015-vardaman.md
40,40,main-text,16,تل,Tull,text/016-tull.md
41,41,main-text,16,تل,Tull,text/016-tull.md
42,42,main-text,16,تل,Tull,text/016-tull.md
43,43,main-text,17,دارل,Darl,text/017-darl.md
44,44,main-text,17,دارل,Darl,text/017-darl.md
45,45,main-text,17,دارل,Darl,text/017-darl.md
46,46,main-text,17,دارل,Darl,text/017-darl.md
47,47,main-text,18,کش,Cash,text/018-cash.md
48,48,main-text,19,وردمن,Vardaman,text/019-vardaman.md
49,49,main-text,20,تل,Tull,text/020-tull.md
50,50,main-text,20,تل,Tull,text/020-tull.md
51,51,main-text,20,تل,Tull,text/020-tull.md
52,52,main-text,20,تل,Tull,text/020-tull.md
53,53,main-text,20,تل,Tull,text/020-tull.md
54,54,main-text,20,تل,Tull,text/020-tull.md
55,55,main-text,21,دارل,Darl,text/021-darl.md
56,56,main-text,22,کش,Cash,text/022-cash.md
57,57,main-text,23,دارل,Darl,text/023-darl.md
58,58,main-text,24,وردمن,Vardaman,text/024-vardaman.md
59,59,main-text,24,وردمن,Vardaman,text/024-vardaman.md
60,60,main-text,25,دارل,Darl,text/025-darl.md
61,61,main-text,26,آنسی,Anse,text/026-anse.md
62,62,main-text,27,دارل,Darl,text/027-darl.md
63,63,main-text,28,آنسی,Anse,text/028-anse.md
64,64,main-text,29,سامسن,Samson,text/029-samson.md
65,65,main-text,29,سامسن,Samson,text/029-samson.md
66,66,main-text,29,سامسن,Samson,text/029-samson.md
67,67,main-text,29,سامسن,Samson,text/029-samson.md
68,68,main-text,29,سامسن,Samson,text/029-samson.md
69,69,main-text,30,دیویی‌دل,Dewey Dell,text/030-dewey-dell.md
70,70,main-text,30,دیویی‌دل,Dewey Dell,text/030-dewey-dell.md
71,71,main-text,31,تل,Tull,text/031-tull.md
72,72,main-text,31,تل,Tull,text/031-tull.md
73,73,main-text,31,تل,Tull,text/031-tull.md
74,74,main-text,32,دارل,Darl,text/032-darl.md
75,75,main-text,32,دارل,Darl,text/032-darl.md
76,76,main-text,32,دارل,Darl,text/032-darl.md
77,77,main-text,32,دارل,Darl,text/032-darl.md
78,78,main-text,32,دارل,Darl,text/032-darl.md
79,79,main-text,32,دارل,Darl,text/032-darl.md
80,80,main-text,33,تل,Tull,text/033-tull.md
81,81,main-text,33,تل,Tull,text/033-tull.md
82,82,main-text,34,دارل,Darl,text/034-darl.md
83,83,main-text,34,دارل,Darl,text/034-darl.md
84,84,main-text,34,دارل,Darl,text/034-darl.md
85,85,main-text,34,دارل,Darl,text/034-darl.md
86,86,main-text,34,دارل,Darl,text/034-darl.md
87,87,main-text,35,وردمن,Vardaman,text/035-vardaman.md
88,88,main-text,36,تل,Tull,text/036-tull.md
89,89,main-text,36,تل,Tull,text/036-tull.md
90,90,main-text,37,دارل,Darl,text/037-darl.md
91,91,main-text,37,دارل,Darl,text/037-darl.md
92,92,main-text,37,دارل,Darl,text/037-darl.md
93,93,main-text,37,دارل,Darl,text/037-darl.md
94,94,main-text,37,دارل,Darl,text/037-darl.md
95,95,main-text,38,کش,Cash,text/038-cash.md
96,96,main-text,39,کورا,Cora,text/039-cora.md
97,97,main-text,39,کورا,Cora,text/039-cora.md
98,98,main-text,40,آدی,Addie,text/040-addie.md
99,99,main-text,40,آدی,Addie,text/040-addie.md
100,100,main-text,40,آدی,Addie,text/040-addie.md
101,101,main-text,40,آدی,Addie,text/040-addie.md
102,102,main-text,41,ویتفیلد,Whitfield,text/041-whitfield.md
103,103,main-text,41,ویتفیلد,Whitfield,text/041-whitfield.md
104,104,main-text,42,دارل,Darl,text/042-darl.md
105,105,main-text,42,دارل,Darl,text/042-darl.md
106,106,main-text,43,آرمستید,Armstid,text/043-armstid.md
107,107,main-text,43,آرمستید,Armstid,text/043-armstid.md
108,108,main-text,43,آرمستید,Armstid,text/043-armstid.md
109,109,main-text,43,آرمستید,Armstid,text/043-armstid.md
110,110,main-text,43,آرمستید,Armstid,text/043-armstid.md
111,111,main-text,43,آرمستید,Armstid,text/043-armstid.md
112,112,main-text,44,وردمن,Vardaman,text/044-vardaman.md
113,113,main-text,44,وردمن,Vardaman,text/044-vardaman.md
114,114,main-text,44,وردمن,Vardaman,text/044-vardaman.md
115,115,main-text,45,موزلی,Moseley,text/045-moseley.md
116,116,main-text,45,موزلی,Moseley,text/045-moseley.md
117,117,main-text,45,موزلی,Moseley,text/045-moseley.md
118,118,main-text,45,موزلی,Moseley,text/045-moseley.md
119,119,main-text,45,موزلی,Moseley,text/045-moseley.md
120,120,main-text,46,دارل,Darl,text/046-darl.md
121,121,main-text,46,دارل,Darl,text/046-darl.md
122,122,main-text,46,دارل,Darl,text/046-darl.md
123,123,main-text,47,وردمن,Vardaman,text/047-vardaman.md
124,124,main-text,48,دارل,Darl,text/048-darl.md
125,125,main-text,49,وردمن,Vardaman,text/049-vardaman.md
126,126,main-text,49,وردمن,Vardaman,text/049-vardaman.md
127,127,main-text,49,وردمن,Vardaman,text/049-vardaman.md
128,128,main-text,50,دارل,Darl,text/050-darl.md
129,129,main-text,50,دارل,Darl,text/050-darl.md
130,130,main-text,50,دارل,Darl,text/050-darl.md
131,131,main-text,51,وردمن,Vardaman,text/051-vardaman.md
132,132,main-text,51,وردمن,Vardaman,text/051-vardaman.md
133,133,main-text,52,دارل,Darl,text/052-darl.md
134,134,main-text,52,دارل,Darl,text/052-darl.md
135,135,main-text,52,دارل,Darl,text/052-darl.md
136,136,main-text,52,دارل,Darl,text/052-darl.md
137,137,main-text,53,کش,Cash,text/053-cash.md
138,138,main-text,53,کش,Cash,text/053-cash.md
139,139,main-text,53,کش,Cash,text/053-cash.md
140,140,main-text,53,کش,Cash,text/053-cash.md
141,141,main-text,54,پیبادی,Peabody,text/054-peabody.md
142,142,main-text,55,مک‌گاون,MacGowan,text/055-macgowan.md
143,143,main-text,55,مک‌گاون,MacGowan,text/055-macgowan.md
144,144,main-text,55,مک‌گاون,MacGowan,text/055-macgowan.md
145,145,main-text,55,مک‌گاون,MacGowan,text/055-macgowan.md
146,146,main-text,55,مک‌گاون,MacGowan,text/055-macgowan.md
147,147,main-text,55,مک‌گاون,MacGowan,text/055-macgowan.md
148,148,main-text,56,وردمن,Vardaman,text/056-vardaman.md
149,149,main-text,56,وردمن,Vardaman,text/056-vardaman.md
150,150,main-text,57,دارل,Darl,text/057-darl.md
151,151,main-text,58,دیویی‌دل,Dewey Dell,text/058-dewey-dell.md
152,152,main-text,58,دیویی‌دل,Dewey Dell,text/058-dewey-dell.md
153,153,main-text,59,کش,Cash,text/059-cash.md
154,154,main-text,59,کش,Cash,text/059-cash.md
155,155,name-index,,,,03-name-index.md
156,156,name-index,,,,03-name-index.md
157,157,notes,,,,04-notes.md
