section,narrator_en,narrator_fa,english_pdf_start,english_pdf_end,english_file,persian_pdf_start,persian_pdf_end,persian_file
1,Darl,دارل,2,2,text/001-darl.md,6,6,text/001-darl.md
2,Cora,کورا,2,4,text/002-cora.md,7,8,text/002-cora.md
3,Darl,دارل,4,5,text/003-darl.md,9,10,text/003-darl.md
4,Jewel,جوئل,5,6,text/004-jewel.md,11,11,text/004-jewel.md
5,Darl,دارل,6,7,text/005-darl.md,12,14,text/005-darl.md
6,Cora,کورا,7,9,text/006-cora.md,15,16,text/006-cora.md
7,Dewey Dell,دیویی‌دل,9,10,text/007-dewey-dell.md,17,18,text/007-dewey-dell.md
8,Tull,تل,10,12,text/008-tull.md,19,22,text/008-tull.md
9,Anse,آنسی,12,13,text/009-anse.md,23,24,text/009-anse.md
10,Darl,دارل,13,14,text/010-darl.md,25,25,text/010-darl.md
11,Peabody,پیبادی,14,16,text/011-peabody.md,26,28,text/011-peabody.md
12,Darl,دارل,16,18,text/012-darl.md,29,31,text/012-darl.md
13,Vardaman,وردمن,18,20,text/013-vardaman.md,32,34,text/013-vardaman.md
14,Dewey Dell,دیویی‌دل,20,22,text/014-dewey-dell.md,35,38,text/014-dewey-dell.md
15,Vardaman,وردمن,22,23,text/015-vardaman.md,39,39,text/015-vardaman.md
16,Tull,تل,23,26,text/016-tull.md,40,42,text/016-tull.md
17,Darl,دارل,26,28,text/017-darl.md,43,46,text/017-darl.md
18,Cash,کش,28,29,text/018-cash.md,47,47,text/018-cash.md
19,Vardaman,وردمن,29,29,text/019-vardaman.md,48,48,text/019-vardaman.md
20,Tull,تل,29,32,text/020-tull.md,49,54,text/020-tull.md
21,Darl,دارل,32,33,text/021-darl.md,55,55,text/021-darl.md
22,Cash,کش,33,33,text/022-cash.md,56,56,text/022-cash.md
23,Darl,دارل,33,34,text/023-darl.md,57,57,text/023-darl.md
24,Vardaman,وردمن,34,35,text/024-vardaman.md,58,59,text/024-vardaman.md
25,Darl,دارل,35,35,text/025-darl.md,60,60,text/025-darl.md
26,Anse,آنسی,35,36,text/026-anse.md,61,61,text/026-anse.md
27,Darl,دارل,36,36,text/027-darl.md,62,62,text/027-darl.md
28,Anse,آنسی,36,37,text/028-anse.md,63,63,text/028-anse.md
29,Samson,سامسن,37,40,text/029-samson.md,64,68,text/029-samson.md
30,Dewey Dell,دیویی‌دل,40,41,text/030-dewey-dell.md,69,70,text/030-dewey-dell.md
31,Tull,تل,41,43,text/031-tull.md,71,73,text/031-tull.md
32,Darl,دارل,43,46,text/032-darl.md,74,79,text/032-darl.md
33,Tull,تل,46,48,text/033-tull.md,80,81,text/033-tull.md
34,Darl,دارل,48,52,text/034-darl.md,82,86,text/034-darl.md
35,Vardaman,وردمن,52,52,text/035-vardaman.md,87,87,text/035-vardaman.md
36,Tull,تل,52,54,text/036-tull.md,88,89,text/036-tull.md
37,Darl,دارل,54,57,text/037-darl.md,90,94,text/037-darl.md
38,Cash,کش,57,58,text/038-cash.md,95,95,text/038-cash.md
39,Cora,کورا,58,58,text/039-cora.md,96,97,text/039-cora.md
40,Addie,آدی,58,62,text/040-addie.md,98,101,text/040-addie.md
41,Whitfield,ویتفیلد,62,63,text/041-whitfield.md,102,103,text/041-whitfield.md
42,Darl,دارل,63,64,text/042-darl.md,104,105,text/042-darl.md
43,Armstid,آرمستید,64,68,text/043-armstid.md,106,111,text/043-armstid.md
44,Vardaman,وردمن,68,69,text/044-vardaman.md,112,114,text/044-vardaman.md
45,Moseley,موزلی,69,72,text/045-moseley.md,115,119,text/045-moseley.md
46,Darl,دارل,72,74,text/046-darl.md,120,122,text/046-darl.md
47,Vardaman,وردمن,74,74,text/047-vardaman.md,123,123,text/047-vardaman.md
48,Darl,دارل,74,75,text/048-darl.md,124,124,text/048-darl.md
49,Vardaman,وردمن,75,76,text/049-vardaman.md,125,127,text/049-vardaman.md
50,Darl,دارل,76,78,text/050-darl.md,128,130,text/050-darl.md
51,Vardaman,وردمن,78,79,text/051-vardaman.md,131,132,text/051-vardaman.md
52,Darl,دارل,79,82,text/052-darl.md,133,136,text/052-darl.md
53,Cash,کش,82,85,text/053-cash.md,137,140,text/053-cash.md
54,Peabody,پیبادی,85,85,text/054-peabody.md,141,141,text/054-peabody.md
55,MacGowan,مک‌گاون,85,89,text/055-macgowan.md,142,147,text/055-macgowan.md
56,Vardaman,وردمن,89,90,text/056-vardaman.md,148,149,text/056-vardaman.md
57,Darl,دارل,90,91,text/057-darl.md,150,150,text/057-darl.md
58,Dewey Dell,دیویی‌دل,91,91,text/058-dewey-dell.md,151,152,text/058-dewey-dell.md
59,Cash,کش,91,93,text/059-cash.md,153,154,text/059-cash.md
