term,normalized_term,entry_id,entry_heading,term_role,pos_context,docx_paragraph,file,anchor
(باهویت دستوری اسمی),(باهویت دستوری اسمی),788,دزدی,source_bold,اسم,7480,entries/0742-0850.md,entry-0788
(تصرف‌شده,(تصرف‌شده,786,اخذ . گرفتن,source_bold,صفت,7458,entries/0742-0850.md,entry-0786
(تیزکنندۀ حواس,(تیزکنندۀ حواس,174,فعال بودن,source_bold,اسم,1644,entries/0091-0193.md,entry-0174
(محل پیدایش و صدور، علت آغازین),(محل پیدایش و صدور، علت آغازین),156,علیت . علت 156#,source_bold,اسم,1454,entries/0091-0193.md,entry-0156
),),786,اخذ . گرفتن,source_bold,صفت,7458,entries/0742-0850.md,entry-0786
0,0,20,تقلید (نسخه‌برداری) 20#,source_bold,اسم,203,entries/0001-0090.md,entry-0020
3,3,20,تقلید (نسخه‌برداری) 20#,source_bold,صفت,205,entries/0001-0090.md,entry-0020
[اسم],[اسم],500,دانا 500#,source_bold,اسم,4671,entries/0438-0543.md,entry-0500
[حرکت یا شیء],[حرکت یا شیء],307,کاستی . نارسایی . کسری (حرکت نیمه‌تمام) 307,source_bold,فعل,2964,entries/0302-0437.md,entry-0307
[شخص موجز:],[شخص موجز:],569,ایجاز,source_bold,صفت,5327,entries/0544-0650.md,entry-0569
[صفت],[صفت],617,قصد,source_bold,صفت,5799,entries/0544-0650.md,entry-0617
[قید],[قید],490,دانش . دانایی 490#,source_bold,صفت,4589,entries/0438-0543.md,entry-0490
[نامگذاری ظروف طبق جنس یا مواد سازندۀ آن],[نامگذاری ظروف طبق جنس یا مواد سازندۀ آن],194,ظرف,source_bold,اسم,1847,entries/0194-0301.md,entry-0194
[کلام],[کلام],576,زشتی کلام,source_bold,صفت,5374,entries/0544-0650.md,entry-0576
],],90,دوگانگی 90#,source_bold,اسم,910,entries/0001-0090.md,entry-0090
{عدم انتخاب یک یا همۀ شقوق},{عدم انتخاب یک یا همۀ شقوق},607,ردّ . عدم انتخاب,source_bold,اسم,5687,entries/0544-0650.md,entry-0607
{معانی مختلف برای انگیزه}،,{معانی مختلف برای انگیزه}،,612,انگیختن . تحریک,source_bold,اسم,5734,entries/0544-0650.md,entry-0612
{موجبات مادی حرکت و انگیزۀ [مادی]، انواع انگیزه:},{موجبات مادی حرکت و انگیزۀ [مادی]، انواع انگیزه:},612,انگیختن . تحریک,source_bold,اسم,5735,entries/0544-0650.md,entry-0612
{نیروی (روانی) انگیزنده:},{نیروی (روانی) انگیزنده:},612,انگیختن . تحریک,source_bold,اسم,5734,entries/0544-0650.md,entry-0612
{گردهم آوردن اجزا و تشکیل کل یا ارگانیسم},{گردهم آوردن اجزا و تشکیل کل یا ارگانیسم},56,دربر گرفتن,source_bold,اسم,569,entries/0001-0090.md,entry-0056
،,،,433,زرد,source_bold,اسم,3997,entries/0302-0437.md,entry-0433
،,،,777,دارایی . مِلک 777#,source_bold,اسم,7366,entries/0742-0850.md,entry-0777
؛,؛,97,چهار‌برابری,source_bold,اسم,945,entries/0091-0193.md,entry-0097
؛,؛,242,چپ,source_bold,صفت,2327,entries/0194-0301.md,entry-0242
؛,؛,259,زبری,source_bold,فعل,2484,entries/0194-0301.md,entry-0259
؛,؛,302,مدفوع,source_bold,صفت,2920,entries/0302-0437.md,entry-0302
آب,آب,339,آب,entry_heading,,3239,entries/0302-0437.md,entry-0339
آبی,آبی,435,آبی,entry_heading,,4007,entries/0302-0437.md,entry-0435
آدم ساده,آدم ساده,544,آدم ساده,entry_heading,,5123,entries/0544-0650.md,entry-0544
آراستن به‌صنایع بدیعی,آراستن به‌صنایع بدیعی,574,آراستن به‌صنایع بدیعی,entry_heading,,5357,entries/0544-0650.md,entry-0574
آزادسازی,آزادسازی,746,آزادسازی,entry_heading,,7102,entries/0742-0850.md,entry-0746
آزادی,آزادی,744,آزادی,entry_heading,,7080,entries/0742-0850.md,entry-0744
آزمایش,آزمایش,461,آزمایش,entry_heading,,4271,entries/0438-0543.md,entry-0461
آسانی,آسانی,701,آسانی,entry_heading,,6623,entries/0651-0741.md,entry-0701
آسان‌گیری,آسان‌گیری,736,آسان‌گیری,entry_heading,,7001,entries/0651-0741.md,entry-0736
آستر . تویی,آستر . تویی,227,آستر . تویی,entry_heading,,2187,entries/0194-0301.md,entry-0227
آشتی . برقراری صلح,آشتی . برقراری صلح,719,آشتی . برقراری صلح,entry_heading,,6809,entries/0651-0741.md,entry-0719
آغاز,آغاز,68,آغاز,entry_heading,,682,entries/0001-0090.md,entry-0068
آفتاب زدن,آفتاب زدن,128,صبح . بهار . تابستان,source_bold,فعل,1192,entries/0091-0193.md,entry-0128
آلت تناسلی یا وسیلۀ تولیدمثل جانوران:,آلت تناسلی یا وسیلۀ تولیدمثل جانوران:,365,حیوانات,source_bold,اسم,3469,entries/0302-0437.md,entry-0365
آمادگی,آمادگی,669,آمادگی,entry_heading,,6333,entries/0651-0741.md,entry-0669
آموزش,آموزش,534,آموزش,entry_heading,,5033,entries/0438-0543.md,entry-0534
آموزگار,آموزگار,537,آموزگار,entry_heading,,5057,entries/0438-0543.md,entry-0537
آمیختگی 43#,آمیختگی 43#,43,آمیختگی 43#,entry_heading,,415,entries/0001-0090.md,entry-0043
آنزیم,آنزیم,143,تغییر و تحول 143#,source_bold,اسم,1322,entries/0091-0193.md,entry-0143
آهستگی,آهستگی,278,آهستگی,entry_heading,,2672,entries/0194-0301.md,entry-0278
آهنگ . ملودی: صدای هنجار 410#,آهنگ . ملودی: صدای هنجار 410#,410,آهنگ . ملودی: صدای هنجار 410#,entry_heading,,3810,entries/0302-0437.md,entry-0410
آهنگسازی,آهنگسازی,412,موسیقی,source_bold,اسم,3832,entries/0302-0437.md,entry-0412
آویزانی,آویزانی,217,آویزانی,entry_heading,,2077,entries/0194-0301.md,entry-0217
آینده,آینده,124,آینده,entry_heading,,1137,entries/0091-0193.md,entry-0124
آینده‌نگری 510#,آینده‌نگری 510#,510,آینده‌نگری 510#,entry_heading,,4767,entries/0438-0543.md,entry-0510
ابدیت,ابدیت,115,ابدیت,entry_heading,,1073,entries/0091-0193.md,entry-0115
ابزار 630#,ابزار 630#,630,ابزار 630#,entry_heading,,5921,entries/0544-0650.md,entry-0630
ابطال . بطلان,ابطال . بطلان,479,ابطال . بطلان,entry_heading,,4461,entries/0438-0543.md,entry-0479
اتحاد . پیوستگی,اتحاد . پیوستگی,45,اتحاد . پیوستگی,entry_heading,,442,entries/0001-0090.md,entry-0045
اتفاق . قمار,اتفاق . قمار,618,اتفاق . قمار,entry_heading,,5806,entries/0544-0650.md,entry-0618
اتلاف,اتلاف,634,اتلاف,entry_heading,,5961,entries/0544-0650.md,entry-0634
اتهام,اتهام,928,اتهام,entry_heading,,8824,entries/0851-0969.md,entry-0928
اثبات,اثبات,478,اثبات,entry_heading,,4452,entries/0438-0543.md,entry-0478
اثر متقابل,اثر متقابل,182,اثر متقابل,entry_heading,,1715,entries/0091-0193.md,entry-0182
اجازه,اجازه,756,اجازه,entry_heading,,7178,entries/0742-0850.md,entry-0756
اجبار 740#,اجبار 740#,740,اجبار 740#,entry_heading,,7040,entries/0651-0741.md,entry-0740
اجتماعی بودن . معاشرت,اجتماعی بودن . معاشرت,882,اجتماعی بودن . معاشرت,entry_heading,,8378,entries/0851-0969.md,entry-0882
اجتماعی نبودن,اجتماعی نبودن,883,اجتماعی نبودن,entry_heading,,8391,entries/0851-0969.md,entry-0883
اجتناب620#,اجتناب620#,620,اجتناب620#,entry_heading,,5828,entries/0544-0650.md,entry-0620
احاطه,احاطه,232,احاطه,entry_heading,,2252,entries/0194-0301.md,entry-0232
احترام 920#,احترام 920#,920,احترام 920#,entry_heading,,8735,entries/0851-0969.md,entry-0920
احتمال,احتمال,471,احتمال,entry_heading,,4371,entries/0438-0543.md,entry-0471
احتیاط,احتیاط,858,احتیاط,entry_heading,,8146,entries/0851-0969.md,entry-0858
احساس,احساس,818,احساس,entry_heading,,7720,entries/0742-0850.md,entry-0818
اختفا . نقاب,اختفا . نقاب,527,اختفا . نقاب,entry_heading,,4959,entries/0438-0543.md,entry-0527
اختیار,اختیار,595,اختیار,entry_heading,,5580,entries/0544-0650.md,entry-0595
اخذ . گرفتن,اخذ . گرفتن,786,اخذ . گرفتن,entry_heading,,7452,entries/0742-0850.md,entry-0786
اخطار,اخطار,664,اخطار,entry_heading,,6290,entries/0651-0741.md,entry-0664
ادا 850#,ادا 850#,850,ادا 850#,entry_heading,,8065,entries/0742-0850.md,entry-0850
ادب,ادب,884,ادب,entry_heading,,8405,entries/0851-0969.md,entry-0884
ادراری,ادراری,302,مدفوع,source_bold,صفت,2920,entries/0302-0437.md,entry-0302
ادویه و چاشنیها,ادویه و چاشنیها,389,ادویه و چاشنیها,entry_heading,,3678,entries/0302-0437.md,entry-0389
ارزانی,ارزانی,812,ارزانی,entry_heading,,7667,entries/0742-0850.md,entry-0812
ارگانیسم: موجودات زنده 358#,ارگانیسم: موجودات زنده 358#,358,ارگانیسم: موجودات زنده 358#,entry_heading,,3387,entries/0302-0437.md,entry-0358
ازدواج,ازدواج,894,ازدواج,entry_heading,,8501,entries/0851-0969.md,entry-0894
ازپیش تعیین‌شدگی,ازپیش تعیین‌شدگی,608,ازپیش تعیین‌شدگی,entry_heading,,5695,entries/0544-0650.md,entry-0608
استحکام,استحکام,329,استحکام,entry_heading,,3170,entries/0302-0437.md,entry-0329
استخراج,استخراج,304,استخراج,entry_heading,,2931,entries/0302-0437.md,entry-0304
استدلال . تعقل,استدلال . تعقل,475,استدلال . تعقل,entry_heading,,4420,entries/0438-0543.md,entry-0475
استراحت,استراحت,683,استراحت,entry_heading,,6478,entries/0651-0741.md,entry-0683
استرداد . اعاده,استرداد . اعاده,787,استرداد . اعاده,entry_heading,,7468,entries/0742-0850.md,entry-0787
استعاره,استعاره,519,استعاره,entry_heading,,4860,entries/0438-0543.md,entry-0519
استعداد 180#,استعداد 180#,180,استعداد 180#,entry_heading,,1703,entries/0091-0193.md,entry-0180
استعفا,استعفا,753,استعفا,entry_heading,,7156,entries/0742-0850.md,entry-0753
استفاده,استفاده,673,استفاده,entry_heading,,6378,entries/0651-0741.md,entry-0673
استقرار . قرارگاه,استقرار . قرارگاه,187,استقرار . قرارگاه,entry_heading,,1765,entries/0091-0193.md,entry-0187
استقراض,استقراض,785,استقراض,entry_heading,,7443,entries/0742-0850.md,entry-0785
اسراف . عدم اعتدال,اسراف . عدم اعتدال,943,اسراف . عدم اعتدال,entry_heading,,8943,entries/0851-0969.md,entry-0943
اسم بی‌مسما . بی‌نامی,اسم بی‌مسما . بی‌نامی,562,اسم بی‌مسما . بی‌نامی,entry_heading,,5281,entries/0544-0650.md,entry-0562
اشتغال,اشتغال,622,اشتغال,entry_heading,,5844,entries/0544-0650.md,entry-0622
اصطکاک,اصطکاک,333,اصطکاک,entry_heading,,3195,entries/0302-0437.md,entry-0333
اصل . قاعدۀ کلی,اصل . قاعدۀ کلی,496,اصل . قاعدۀ کلی,entry_heading,,4640,entries/0438-0543.md,entry-0496
اطاعت . وفاداری,اطاعت . وفاداری,739,اطاعت . وفاداری,entry_heading,,7032,entries/0651-0741.md,entry-0739
اطلاع . آگاهی,اطلاع . آگاهی,524,اطلاع . آگاهی,entry_heading,,4916,entries/0438-0543.md,entry-0524
اظهار . تأکید . سوگند,اظهار . تأکید . سوگند,532,اظهار . تأکید . سوگند,entry_heading,,5013,entries/0438-0543.md,entry-0532
اعتراض . نهی,اعتراض . نهی,762,اعتراض . نهی,entry_heading,,7225,entries/0742-0850.md,entry-0762
اعطای وام . قرض دادن,اعطای وام . قرض دادن,784,اعطای وام . قرض دادن,entry_heading,,7432,entries/0742-0850.md,entry-0784
اعقاب . فرزند 170#,اعقاب . فرزند 170#,170,اعقاب . فرزند 170#,entry_heading,,1606,entries/0091-0193.md,entry-0170
اعلان جنگ . چالش,اعلان جنگ . چالش,711,اعلان جنگ . چالش,entry_heading,,6719,entries/0651-0741.md,entry-0711
اغتشاش: ایجاد اغتشاش و به‌هم ریختن,اغتشاش: ایجاد اغتشاش و به‌هم ریختن,63,اغتشاش: ایجاد اغتشاش و به‌هم ریختن,entry_heading,,642,entries/0001-0090.md,entry-0063
اغراق,اغراق,546,اغراق,entry_heading,,5136,entries/0544-0650.md,entry-0546
اغلب (کثرت وقوع),اغلب (کثرت وقوع),139,اغلب (کثرت وقوع),entry_heading,,1281,entries/0091-0193.md,entry-0139
افزایش,افزایش,36,افزایش,entry_heading,,365,entries/0001-0090.md,entry-0036
افسردگی . وقار,افسردگی . وقار,834,افسردگی . وقار,entry_heading,,7883,entries/0742-0850.md,entry-0834
افشا,افشا,526,افشا,entry_heading,,4949,entries/0438-0543.md,entry-0526
افقی,افقی,216,افقی,entry_heading,,2067,entries/0194-0301.md,entry-0216
اقتدار 733#,اقتدار 733#,733,اقتدار 733#,entry_heading,,6959,entries/0651-0741.md,entry-0733
امتناع 760#,امتناع 760#,760,امتناع 760#,entry_heading,,7209,entries/0742-0850.md,entry-0760
امحا . محو 550#,امحا . محو 550#,550,امحا . محو 550#,entry_heading,,5189,entries/0544-0650.md,entry-0550
امر محال,امر محال,497,امر محال,entry_heading,,4646,entries/0438-0543.md,entry-0497
امساک . اعتدال,امساک . اعتدال,942,امساک . اعتدال,entry_heading,,8936,entries/0851-0969.md,entry-0942
امکان,امکان,469,امکان,entry_heading,,4354,entries/0438-0543.md,entry-0469
امید . آرزو,امید . آرزو,852,امید . آرزو,entry_heading,,8087,entries/0851-0969.md,entry-0852
انبار,انبار,632,انبار,entry_heading,,5945,entries/0544-0650.md,entry-0632
انبساط,انبساط,197,انبساط,entry_heading,,1903,entries/0194-0301.md,entry-0197
انتخاب,انتخاب,605,انتخاب,entry_heading,,5663,entries/0544-0650.md,entry-0605
انتصاب,انتصاب,751,انتصاب,entry_heading,,7137,entries/0742-0850.md,entry-0751
انتظار,انتظار,507,انتظار,entry_heading,,4742,entries/0438-0543.md,entry-0507
انتقال ملک 780#,انتقال ملک 780#,780,انتقال ملک 780#,entry_heading,,7396,entries/0742-0850.md,entry-0780
انتقامجویی 910#,انتقامجویی 910#,910,انتقامجویی 910#,entry_heading,,8641,entries/0851-0969.md,entry-0910
انحراف . بی‌هدفی,انحراف . بی‌هدفی,282,انحراف . بی‌هدفی,entry_heading,,2712,entries/0194-0301.md,entry-0282
اندازه‌گیری . سنجش,اندازه‌گیری . سنجش,465,اندازه‌گیری . سنجش,entry_heading,,4304,entries/0438-0543.md,entry-0465
اندیشه,اندیشه,449,اندیشه,entry_heading,,4141,entries/0438-0543.md,entry-0449
انسان,انسان,371,انسان,entry_heading,,3523,entries/0302-0437.md,entry-0371
انسان والا,انسان والا,937,انسان والا,entry_heading,,8902,entries/0851-0969.md,entry-0937
انساندوستی,انساندوستی,901,انساندوستی,entry_heading,,8570,entries/0851-0969.md,entry-0901
انسجام,انسجام,48,انسجام,entry_heading,,493,entries/0001-0090.md,entry-0048
انفعال 175#,انفعال 175#,175,انفعال 175#,entry_heading,,1654,entries/0091-0193.md,entry-0175
انقباض,انقباض,198,انقباض,entry_heading,,1910,entries/0194-0301.md,entry-0198
انقلاب: تغییر ناگهانی یا خشونت‌آمیز,انقلاب: تغییر ناگهانی یا خشونت‌آمیز,149,انقلاب: تغییر ناگهانی یا خشونت‌آمیز,entry_heading,,1375,entries/0091-0193.md,entry-0149
انقیاد,انقیاد,745,انقیاد,entry_heading,,7093,entries/0742-0850.md,entry-0745
انکار . سلب,انکار . سلب,533,انکار . سلب,entry_heading,,5025,entries/0438-0543.md,entry-0533
انگیختن . تحریک,انگیختن . تحریک,612,انگیختن . تحریک,entry_heading,,5733,entries/0544-0650.md,entry-0612
اهمیت,اهمیت,638,اهمیت,entry_heading,,5997,entries/0544-0650.md,entry-0638
اِسناد: نسبت دادنِ علت,اِسناد: نسبت دادنِ علت,158,اِسناد: نسبت دادنِ علت,entry_heading,,1474,entries/0091-0193.md,entry-0158
اکتساب,اکتساب,771,اکتساب,entry_heading,,7305,entries/0742-0850.md,entry-0771
اکراه,اکراه,598,اکراه,entry_heading,,5607,entries/0544-0650.md,entry-0598
ایجاز,ایجاز,569,ایجاز,entry_heading,,5325,entries/0544-0650.md,entry-0569
ایده,ایده,451,ایده,entry_heading,,4166,entries/0438-0543.md,entry-0451
ایستادگی,ایستادگی,715,ایستادگی,entry_heading,,6763,entries/0651-0741.md,entry-0715
ایمنی 660#,ایمنی 660#,660,ایمنی 660#,entry_heading,,6252,entries/0651-0741.md,entry-0660
ایهام,ایهام,518,ایهام,entry_heading,,4854,entries/0438-0543.md,entry-0518
باتلاق,باتلاق,347,باتلاق,entry_heading,,3298,entries/0302-0437.md,entry-0347
باد: جریان هوا,باد: جریان هوا,352,باد: جریان هوا,entry_heading,,3328,entries/0302-0437.md,entry-0352
بارآوری,بارآوری,171,بارآوری,entry_heading,,1614,entries/0091-0193.md,entry-0171
باردار,باردار,167,زادوولد,source_bold,صفت,1585,entries/0091-0193.md,entry-0167
باریکی,باریکی,206,باریکی,entry_heading,,1983,entries/0194-0301.md,entry-0206
باز . گشودگی,باز . گشودگی,263,باز . گشودگی,entry_heading,,2507,entries/0194-0301.md,entry-0263
بازار,بازار,796,بازار,entry_heading,,7533,entries/0742-0850.md,entry-0796
بازداشتن,بازداشتن,613,بازداشتن,entry_heading,,5754,entries/0544-0650.md,entry-0613
بازسازی,بازسازی,656,بازسازی,entry_heading,,6196,entries/0651-0741.md,entry-0656
باقیمانده,باقیمانده,41,باقیمانده,entry_heading,,403,entries/0001-0090.md,entry-0041
باوجود,باوجود,1,وجود (هستی),source_bold,قید,33,entries/0001-0090.md,entry-0001
باور,باور,485,باور,entry_heading,,4523,entries/0438-0543.md,entry-0485
بت‌پرستی,بت‌پرستی,982,بت‌پرستی,entry_heading,,9286,entries/0970-0991.md,entry-0982
بدآموزی,بدآموزی,535,بدآموزی,entry_heading,,5043,entries/0438-0543.md,entry-0535
بدخواهی . اذیت,بدخواهی . اذیت,898,بدخواهی . اذیت,entry_heading,,8538,entries/0851-0969.md,entry-0898
بدسلیقگی,بدسلیقگی,847,بدسلیقگی,entry_heading,,8041,entries/0742-0850.md,entry-0847
بدطعمی,بدطعمی,391,بدطعمی,entry_heading,,3690,entries/0302-0437.md,entry-0391
بدعت,بدعت,977,بدعت,entry_heading,,9229,entries/0970-0991.md,entry-0977
بدنامی,بدنامی,867,بدنامی,entry_heading,,8233,entries/0851-0969.md,entry-0867
بدهکاری,بدهکاری,803,بدهکاری,entry_heading,,7589,entries/0742-0850.md,entry-0803
بدکار,بدکار,904,بدکار,entry_heading,,8591,entries/0851-0969.md,entry-0904
بدگویی . افترا,بدگویی . افترا,926,بدگویی . افترا,entry_heading,,8803,entries/0851-0969.md,entry-0926
بدی: صفات بد انسان,بدی: صفات بد انسان,645,بدی: صفات بد انسان,entry_heading,,6063,entries/0544-0650.md,entry-0645
بدیهای دنیا و محیط،,بدیهای دنیا و محیط،,616,شرّ,source_bold,اسم,5783,entries/0544-0650.md,entry-0616
برابری: یکسانی مقدار یا درجه,برابری: یکسانی مقدار یا درجه,28,برابری: یکسانی مقدار یا درجه,entry_heading,,278,entries/0001-0090.md,entry-0028
برتری,برتری,34,برتری,entry_heading,,343,entries/0001-0090.md,entry-0034
برجستگی,برجستگی,254,برجستگی,entry_heading,,2434,entries/0194-0301.md,entry-0254
برنامه,برنامه,623,برنامه,entry_heading,,5857,entries/0544-0650.md,entry-0623
برهنگی . کندن لباس,برهنگی . کندن لباس,229,برهنگی . کندن لباس,entry_heading,,2221,entries/0194-0301.md,entry-0229
بزدلی,بزدلی,856,بزدلی,entry_heading,,8133,entries/0851-0969.md,entry-0856
بزرگی,بزرگی,32,بزرگی,entry_heading,,319,entries/0001-0090.md,entry-0032
بستانکاری,بستانکاری,802,بستانکاری,entry_heading,,7583,entries/0742-0850.md,entry-0802
بسته . انسداد,بسته . انسداد,264,بسته . انسداد,entry_heading,,2528,entries/0194-0301.md,entry-0264
بلندی (ارتفاع) . بالا . رو,بلندی (ارتفاع) . بالا . رو,209,بلندی (ارتفاع) . بالا . رو,entry_heading,,2011,entries/0194-0301.md,entry-0209
بلوغ,بلوغ,134,بلوغ,entry_heading,,1232,entries/0091-0193.md,entry-0134
بنفش,بنفش,436,بنفش,entry_heading,,4013,entries/0302-0437.md,entry-0436
بهانه: انگیزۀ ظاهری,بهانه: انگیزۀ ظاهری,614,بهانه: انگیزۀ ظاهری,entry_heading,,5763,entries/0544-0650.md,entry-0614
بهبود,بهبود,654,بهبود,entry_heading,,6167,entries/0651-0741.md,entry-0654
بهشت,بهشت,971,بهشت,entry_heading,,9179,entries/0970-0991.md,entry-0971
به‌نحو اسراف‌آمیز,به‌نحو اسراف‌آمیز,779,عدم نگهداری,source_bold,فعل,7393,entries/0742-0850.md,entry-0779
به‌ندرت (ندرت وقوع) 140#,به‌ندرت (ندرت وقوع) 140#,140,به‌ندرت (ندرت وقوع) 140#,entry_heading,,1290,entries/0091-0193.md,entry-0140
به‌نظر آمدن,به‌نظر آمدن,445,پدیداری . ظاهر,source_bold,فعل,4098,entries/0438-0543.md,entry-0445
به‌هم ریختگی . بدشکلی,به‌هم ریختگی . بدشکلی,246,به‌هم ریختگی . بدشکلی,entry_heading,,2356,entries/0194-0301.md,entry-0246
بو,بو,394,بو,entry_heading,,3712,entries/0302-0437.md,entry-0394
بودن,بودن,1,وجود (هستی),source_bold,فعل,31,entries/0001-0090.md,entry-0001
بوی بد,بوی بد,397,بوی بد,entry_heading,,3730,entries/0302-0437.md,entry-0397
بُت,بُت,967,بُت,entry_heading,,9153,entries/0851-0969.md,entry-0967
بی ثباتی . بوالهوسی,بی ثباتی . بوالهوسی,603,بی ثباتی . بوالهوسی,entry_heading,,5642,entries/0544-0650.md,entry-0603
بیرحمی,بیرحمی,906,بیرحمی,entry_heading,,8611,entries/0851-0969.md,entry-0906
بیرون [فضا],بیرون [فضا],223,بیرون [فضا],entry_heading,,2143,entries/0194-0301.md,entry-0223
بیرون گذاشتن,بیرون گذاشتن,57,بیرون گذاشتن,entry_heading,,577,entries/0001-0090.md,entry-0057
بیرونی بودن,بیرونی بودن,59,بیرونی بودن,entry_heading,,594,entries/0001-0090.md,entry-0059
بیش ازپنج,بیش ازپنج,99,بیش ازپنج,entry_heading,,950,entries/0091-0193.md,entry-0099
بیماری . ضعف جسمانی,بیماری . ضعف جسمانی,651,بیماری . ضعف جسمانی,entry_heading,,6123,entries/0651-0741.md,entry-0651
بیمزگی,بیمزگی,387,بیمزگی,entry_heading,,3665,entries/0302-0437.md,entry-0387
بیننده,بیننده,441,بیننده,entry_heading,,4061,entries/0438-0543.md,entry-0441
بی‌احترامی,بی‌احترامی,921,بی‌احترامی,entry_heading,,8746,entries/0851-0969.md,entry-0921
بی‌ادبی,بی‌ادبی,885,بی‌ادبی,entry_heading,,8415,entries/0851-0969.md,entry-0885
بی‌بویی,بی‌بویی,395,بی‌بویی,entry_heading,,3718,entries/0302-0437.md,entry-0395
بی‌تفاوتی 860#,بی‌تفاوتی 860#,860,بی‌تفاوتی 860#,entry_heading,,8169,entries/0851-0969.md,entry-0860
بی‌تقوایی 980#,بی‌تقوایی 980#,980,بی‌تقوایی 980#,entry_heading,,9263,entries/0970-0991.md,entry-0980
بی‌توجهی,بی‌توجهی,456,بی‌توجهی,entry_heading,,4206,entries/0438-0543.md,entry-0456
بی‌جوهری,بی‌جوهری,4,بی‌جوهری,entry_heading,,57,entries/0001-0090.md,entry-0004
بی‌حسی فیزیکی,بی‌حسی فیزیکی,375,بی‌حسی فیزیکی,entry_heading,,3559,entries/0302-0437.md,entry-0375
بی‌رنگ,بی‌رنگ,426,بی‌رنگ,entry_heading,,3954,entries/0302-0437.md,entry-0426
بی‌روحی 840#,بی‌روحی 840#,840,بی‌روحی 840#,entry_heading,,7972,entries/0742-0850.md,entry-0840
بی‌شکلی,بی‌شکلی,244,بی‌شکلی,entry_heading,,2344,entries/0194-0301.md,entry-0244
بی‌صدایی,بی‌صدایی,578,بی‌صدایی,entry_heading,,5384,entries/0544-0650.md,entry-0578
بی‌عزمی,بی‌عزمی,601,بی‌عزمی,entry_heading,,5627,entries/0544-0650.md,entry-0601
بی‌عفتی,بی‌عفتی,951,بی‌عفتی,entry_heading,,9004,entries/0851-0969.md,entry-0951
بی‌غرضی . ایثار,بی‌غرضی . ایثار,931,بی‌غرضی . ایثار,entry_heading,,8855,entries/0851-0969.md,entry-0931
بی‌فایده بودن,بی‌فایده بودن,641,بی‌فایده بودن,entry_heading,,6027,entries/0544-0650.md,entry-0641
بی‌معنایی,بی‌معنایی,515,بی‌معنایی,entry_heading,,4827,entries/0438-0543.md,entry-0515
بی‌موقع,بی‌موقع,138,بی‌موقع,entry_heading,,1271,entries/0091-0193.md,entry-0138
بی‌میلی,بی‌میلی,861,بی‌میلی,entry_heading,,8176,entries/0851-0969.md,entry-0861
بی‌نظمی,بی‌نظمی,61,بی‌نظمی,entry_heading,,616,entries/0001-0090.md,entry-0061
بی‌نهایت 107#,بی‌نهایت 107#,107,بی‌نهایت 107#,entry_heading,,1003,entries/0091-0193.md,entry-0107
بی‌نیازی,بی‌نیازی,863,بی‌نیازی,entry_heading,,8190,entries/0851-0969.md,entry-0863
بی‌پروایی,بی‌پروایی,857,بی‌پروایی,entry_heading,,8139,entries/0851-0969.md,entry-0857
بی‌گناهی,بی‌گناهی,935,بی‌گناهی,entry_heading,,8886,entries/0851-0969.md,entry-0935
تأثیر,تأثیر,178,تأثیر,entry_heading,,1688,entries/0091-0193.md,entry-0178
تأخر [درزمان] 120#,تأخر [درزمان] 120#,120,تأخر [درزمان] 120#,entry_heading,,1108,entries/0091-0193.md,entry-0120
تأخیر,تأخیر,136,تأخیر,entry_heading,,1248,entries/0091-0193.md,entry-0136
تأسف 830#,تأسف 830#,830,تأسف 830#,entry_heading,,7849,entries/0742-0850.md,entry-0830
تأیید . رضایت,تأیید . رضایت,758,تأیید . رضایت,entry_heading,,7194,entries/0742-0850.md,entry-0758
تئاتر,تئاتر,594,تئاتر,entry_heading,,5524,entries/0544-0650.md,entry-0594
تاجر,تاجر,794,تاجر,entry_heading,,7522,entries/0742-0850.md,entry-0794
تاروپود: بافت متقاطع,تاروپود: بافت متقاطع,222,تاروپود: بافت متقاطع,entry_heading,,2130,entries/0194-0301.md,entry-0222
تاریکی,تاریکی,418,تاریکی,entry_heading,,3888,entries/0302-0437.md,entry-0418
تازگی,تازگی,126,تازگی,entry_heading,,1160,entries/0091-0193.md,entry-0126
تبخیر,تبخیر,338,تبخیر,entry_heading,,3232,entries/0302-0437.md,entry-0338
تبدیل: تغییر یافتن به‌چیزی دیگر,تبدیل: تغییر یافتن به‌چیزی دیگر,147,تبدیل: تغییر یافتن به‌چیزی دیگر,entry_heading,,1358,entries/0091-0193.md,entry-0147
تبرئه 960#,تبرئه 960#,960,تبرئه 960#,entry_heading,,9086,entries/0851-0969.md,entry-0960
تبریک,تبریک,886,تبریک,entry_heading,,8423,entries/0851-0969.md,entry-0886
تجارت . تهاتر,تجارت . تهاتر,791,تجارت . تهاتر,entry_heading,,7497,entries/0742-0850.md,entry-0791
تجرد,تجرد,895,تجرد,entry_heading,,8515,entries/0851-0969.md,entry-0895
تجزیه,تجزیه,51,تجزیه,entry_heading,,515,entries/0001-0090.md,entry-0051
تجسم,تجسم,551,تجسم,entry_heading,,5195,entries/0544-0650.md,entry-0551
تجسم غیرواقعی,تجسم غیرواقعی,552,تجسم غیرواقعی,entry_heading,,5207,entries/0544-0650.md,entry-0552
تجلی,تجلی,522,تجلی,entry_heading,,4893,entries/0438-0543.md,entry-0522
تجمع . گردآوری,تجمع . گردآوری,74,تجمع . گردآوری,entry_heading,,743,entries/0001-0090.md,entry-0074
تحدب,تحدب,253,تحدب,entry_heading,,2423,entries/0194-0301.md,entry-0253
تحدید . خودداری,تحدید . خودداری,747,تحدید . خودداری,entry_heading,,7110,entries/0742-0850.md,entry-0747
تحریک پذیری,تحریک پذیری,822,تحریک پذیری,entry_heading,,7761,entries/0742-0850.md,entry-0822
تحسین,تحسین,923,تحسین,entry_heading,,8765,entries/0851-0969.md,entry-0923
تحقیر,تحقیر,922,تحقیر,entry_heading,,8755,entries/0851-0969.md,entry-0922
تخریب,تخریب,165,تخریب,entry_heading,,1559,entries/0091-0193.md,entry-0165
تخفیف . دست‌کم گرفتن,تخفیف . دست‌کم گرفتن,483,تخفیف . دست‌کم گرفتن,entry_heading,,4506,entries/0438-0543.md,entry-0483
تخفیف 810#,تخفیف 810#,810,تخفیف 810#,entry_heading,,7653,entries/0742-0850.md,entry-0810
تخم‌گذار (جانوری),تخم‌گذار (جانوری),167,زادوولد,source_bold,صفت,1586,entries/0091-0193.md,entry-0167
تخیل,تخیل,513,تخیل,entry_heading,,4802,entries/0438-0543.md,entry-0513
تداوم [در ترتیب] . تسلسل,تداوم [در ترتیب] . تسلسل,71,تداوم [در ترتیب] . تسلسل,entry_heading,,715,entries/0001-0090.md,entry-0071
تداوم گناه 940#,تداوم گناه 940#,940,تداوم گناه 940#,entry_heading,,8921,entries/0851-0969.md,entry-0940
تراکم . چگالی 324#,تراکم . چگالی 324#,324,تراکم . چگالی 324#,entry_heading,,3130,entries/0302-0437.md,entry-0324
ترس,ترس,854,ترس,entry_heading,,8105,entries/0851-0969.md,entry-0854
ترشرویی,ترشرویی,893,ترشرویی,entry_heading,,8495,entries/0851-0969.md,entry-0893
ترفیع: بالابردن 310#,ترفیع: بالابردن 310#,310,ترفیع: بالابردن 310#,entry_heading,,2983,entries/0302-0437.md,entry-0310
تره,تره,301,غذا: خوردن و نوشیدن,source_bold,اسم,2896,entries/0194-0301.md,entry-0301
ترک [عادت],ترک [عادت],611,ترک [عادت],entry_heading,,5723,entries/0544-0650.md,entry-0611
ترکیب 50#,ترکیب 50#,50,ترکیب 50#,entry_heading,,507,entries/0001-0090.md,entry-0050
تزیین,تزیین,844,تزیین,entry_heading,,8010,entries/0742-0850.md,entry-0844
تسلیم,تسلیم,721,تسلیم,entry_heading,,6824,entries/0651-0741.md,entry-0721
تسهیم,تسهیم,783,تسهیم,entry_heading,,7424,entries/0742-0850.md,entry-0783
تسکین,تسکین,831,تسکین,entry_heading,,7857,entries/0742-0850.md,entry-0831
تشابه,تشابه,18,تشابه,entry_heading,,180,entries/0001-0090.md,entry-0018
تشخیص . استنتاج 480#,تشخیص . استنتاج 480#,480,تشخیص . استنتاج 480#,entry_heading,,4473,entries/0438-0543.md,entry-0480
تشدید ارتعاش,تشدید ارتعاش,404,تشدید ارتعاش,entry_heading,,3778,entries/0302-0437.md,entry-0404
تشدید درد,تشدید درد,832,تشدید درد,entry_heading,,7865,entries/0742-0850.md,entry-0832
تشکیلات مذهبی,تشکیلات مذهبی,985,تشکیلات مذهبی,entry_heading,,9318,entries/0970-0991.md,entry-0985
تصور . خاطر,تصور . خاطر,512,تصور . خاطر,entry_heading,,4791,entries/0438-0543.md,entry-0512
تضمین,تضمین,767,تضمین,entry_heading,,7263,entries/0742-0850.md,entry-0767
تطبیق,تطبیق,83,تطبیق,entry_heading,,832,entries/0001-0090.md,entry-0083
تعاقب [در ترتیب] . توالی,تعاقب [در ترتیب] . توالی,65,تعاقب [در ترتیب] . توالی,entry_heading,,658,entries/0001-0090.md,entry-0065
تعبیر . تفسیر 520#,تعبیر . تفسیر 520#,520,تعبیر . تفسیر 520#,entry_heading,,4867,entries/0438-0543.md,entry-0520
تعجیل,تعجیل,135,تعجیل,entry_heading,,1239,entries/0091-0193.md,entry-0135
تعدد,تعدد,104,تعدد,entry_heading,,974,entries/0091-0193.md,entry-0104
تغییر متقابل: تغییر باهم یا دوگانه,تغییر متقابل: تغییر باهم یا دوگانه,151,تغییر متقابل: تغییر باهم یا دوگانه,entry_heading,,1392,entries/0091-0193.md,entry-0151
تغییر و تحول 143#,تغییر و تحول 143#,143,تغییر و تحول 143#,entry_heading,,1319,entries/0091-0193.md,entry-0143
تغییرپذیری,تغییرپذیری,152,تغییرپذیری,entry_heading,,1400,entries/0091-0193.md,entry-0152
تفاوت . تمیز,تفاوت . تمیز,15,تفاوت . تمیز,entry_heading,,158,entries/0001-0090.md,entry-0015
تفرق . پراکندگی,تفرق . پراکندگی,75,تفرق . پراکندگی,entry_heading,,759,entries/0001-0090.md,entry-0075
تفریق,تفریق,39,تفریق,entry_heading,,391,entries/0001-0090.md,entry-0039
تقارن,تقارن,245,تقارن,entry_heading,,2350,entries/0194-0301.md,entry-0245
تقدم [در ترتیب],تقدم [در ترتیب],64,تقدم [در ترتیب],entry_heading,,650,entries/0001-0090.md,entry-0064
تقدم [در زمان],تقدم [در زمان],119,تقدم [در زمان],entry_heading,,1100,entries/0091-0193.md,entry-0119
تقعر,تقعر,255,تقعر,entry_heading,,2442,entries/0194-0301.md,entry-0255
تقلید (نسخه‌برداری) 20#,تقلید (نسخه‌برداری) 20#,20,تقلید (نسخه‌برداری) 20#,entry_heading,,201,entries/0001-0090.md,entry-0020
تقوا,تقوا,979,تقوا,entry_heading,,9249,entries/0970-0991.md,entry-0979
تلاش . کار,تلاش . کار,682,تلاش . کار,entry_heading,,6468,entries/0651-0741.md,entry-0682
تلاطم: حرکت نامنظم,تلاطم: حرکت نامنظم,318,تلاطم: حرکت نامنظم,entry_heading,,3045,entries/0302-0437.md,entry-0318
تلافی,تلافی,714,تلافی,entry_heading,,6754,entries/0651-0741.md,entry-0714
تلخیص,تلخیص,592,تلخیص,entry_heading,,5503,entries/0544-0650.md,entry-0592
تلون مزاج . هوس,تلون مزاج . هوس,604,تلون مزاج . هوس,entry_heading,,5652,entries/0544-0650.md,entry-0604
تماس . لمس . لامسه,تماس . لمس . لامسه,378,تماس . لمس . لامسه,entry_heading,,3588,entries/0302-0437.md,entry-0378
تمسخر,تمسخر,851,تمسخر,entry_heading,,8073,entries/0851-0969.md,entry-0851
تندرستی . سلامت 650#,تندرستی . سلامت 650#,650,تندرستی . سلامت 650#,entry_heading,,6117,entries/0544-0650.md,entry-0650
تندطبعی,تندطبعی,892,تندطبعی,entry_heading,,8489,entries/0851-0969.md,entry-0892
تنزل: پایین آوردن,تنزل: پایین آوردن,311,تنزل: پایین آوردن,entry_heading,,2990,entries/0302-0437.md,entry-0311
تنظیم,تنظیم,62,تنظیم,entry_heading,,630,entries/0001-0090.md,entry-0062
تنوع (چندگونگی),تنوع (چندگونگی),82,تنوع (چندگونگی),entry_heading,,826,entries/0001-0090.md,entry-0082
تهدید 900#,تهدید 900#,900,تهدید 900#,entry_heading,,8564,entries/0851-0969.md,entry-0900
تهیه,تهیه,633,تهیه,entry_heading,,5953,entries/0544-0650.md,entry-0633
تهییج,تهییج,821,تهییج,entry_heading,,7750,entries/0742-0850.md,entry-0821
تهییج ناپذیری,تهییج ناپذیری,823,تهییج ناپذیری,entry_heading,,7769,entries/0742-0850.md,entry-0823
توازی,توازی,219,توازی,entry_heading,,2106,entries/0194-0301.md,entry-0219
توان 160#,توان 160#,160,توان 160#,entry_heading,,1494,entries/0091-0193.md,entry-0160
توبه,توبه,939,توبه,entry_heading,,8914,entries/0851-0969.md,entry-0939
توجه,توجه,455,توجه,entry_heading,,4195,entries/0438-0543.md,entry-0455
تورب . شیب 220#,تورب . شیب 220#,220,تورب . شیب 220#,entry_heading,,2113,entries/0194-0301.md,entry-0220
توقف: تغییر ازحرکت / عمل به‌سکون,توقف: تغییر ازحرکت / عمل به‌سکون,145,توقف: تغییر ازحرکت / عمل به‌سکون,entry_heading,,1338,entries/0091-0193.md,entry-0145
تولید . آفرینش,تولید . آفرینش,164,تولید . آفرینش,entry_heading,,1548,entries/0091-0193.md,entry-0164
تولید مثل,تولید مثل,166,تولید مثل,entry_heading,,1572,entries/0091-0193.md,entry-0166
تَه . بُن,تَه . بُن,214,تَه . بُن,entry_heading,,2053,entries/0194-0301.md,entry-0214
تُرش,تُرش,393,تُرش,entry_heading,,3704,entries/0302-0437.md,entry-0393
تک . حمله,تک . حمله,712,تک . حمله,entry_heading,,6725,entries/0651-0741.md,entry-0712
تکامل,تکامل,316,تکامل,entry_heading,,3031,entries/0302-0437.md,entry-0316
تکبر,تکبر,873,تکبر,entry_heading,,8293,entries/0851-0969.md,entry-0873
تکرار,تکرار,106,تکرار,entry_heading,,993,entries/0091-0193.md,entry-0106
تکرار چهارباره,تکرار چهارباره,97,چهار‌برابری,source_bold,اسم,945,entries/0091-0193.md,entry-0097
تکمیل . اجرا,تکمیل . اجرا,725,تکمیل . اجرا,entry_heading,,6881,entries/0651-0741.md,entry-0725
تکوین,تکوین,316,تکامل,source_bold,اسم,3033,entries/0302-0437.md,entry-0316
تیزی 256#,تیزی 256#,256,تیزی 256#,entry_heading,,2453,entries/0194-0301.md,entry-0256
تیزی مزه,تیزی مزه,388,تیزی مزه,entry_heading,,3670,entries/0302-0437.md,entry-0388
ثبات: عدم تغییر 144#,ثبات: عدم تغییر 144#,144,ثبات: عدم تغییر 144#,entry_heading,,1330,entries/0091-0193.md,entry-0144
ثروت 800#,ثروت 800#,800,ثروت 800#,entry_heading,,7562,entries/0742-0850.md,entry-0800
جادوگری,جادوگری,983,جادوگری,entry_heading,,9294,entries/0970-0991.md,entry-0983
جاذبه,جاذبه,291,جاذبه,entry_heading,,2779,entries/0194-0301.md,entry-0291
جانورشناسی,جانورشناسی,367,جانورشناسی,entry_heading,,3490,entries/0302-0437.md,entry-0367
جاهل,جاهل,493,جاهل,entry_heading,,4612,entries/0438-0543.md,entry-0493
جایزه,جایزه,729,جایزه,entry_heading,,6924,entries/0651-0741.md,entry-0729
جایگزینی: گذاشتن چیزی درجای دیگری,جایگزینی: گذاشتن چیزی درجای دیگری,150,جایگزینی: گذاشتن چیزی درجای دیگری,entry_heading,,1382,entries/0091-0193.md,entry-0150
جبر . وجوب,جبر . وجوب,596,جبر . وجوب,entry_heading,,5587,entries/0544-0650.md,entry-0596
جبران . تعدیل,جبران . تعدیل,31,جبران . تعدیل,entry_heading,,309,entries/0001-0090.md,entry-0031
جدلی,جدلی,591,رساله,source_bold,صفت,5499,entries/0544-0650.md,entry-0591
جزء,جزء,53,جزء,entry_heading,,537,entries/0001-0090.md,entry-0053
جزیره,جزیره,349,جزیره,entry_heading,,3308,entries/0302-0437.md,entry-0349
جسد,جسد,363,جسد,entry_heading,,3436,entries/0302-0437.md,entry-0363
جلو,جلو,237,جلو,entry_heading,,2289,entries/0194-0301.md,entry-0237
جمع,جمع,38,جمع,entry_heading,,383,entries/0001-0090.md,entry-0038
جمله,جمله,563,جمله,entry_heading,,5289,entries/0544-0650.md,entry-0563
جن و پری 970#,جن و پری 970#,970,جن و پری 970#,entry_heading,,9169,entries/0970-0991.md,entry-0970
جنگ,جنگ,718,جنگ,entry_heading,,6794,entries/0651-0741.md,entry-0718
جهانگرد,جهانگرد,268,جهانگرد,entry_heading,,2585,entries/0194-0301.md,entry-0268
جهت,جهت,281,جهت,entry_heading,,2703,entries/0194-0301.md,entry-0281
جهل . نادانی,جهل . نادانی,491,جهل . نادانی,entry_heading,,4594,entries/0438-0543.md,entry-0491
جهنم,جهنم,972,جهنم,entry_heading,,9184,entries/0970-0991.md,entry-0972
جوان,جوان,132,جوان,entry_heading,,1220,entries/0091-0193.md,entry-0132
جوانی 130#,جوانی 130#,130,جوانی 130#,entry_heading,,1205,entries/0091-0193.md,entry-0130
جوهر,جوهر,3,جوهر,entry_heading,,51,entries/0001-0090.md,entry-0003
حافظه,حافظه,505,حافظه,entry_heading,,4715,entries/0438-0543.md,entry-0505
حالت: وضعیت مطلق,حالت: وضعیت مطلق,7,حالت: وضعیت مطلق,entry_heading,,83,entries/0001-0090.md,entry-0007
حباب . ابر: مخلوط هوا و آب 355#,حباب . ابر: مخلوط هوا و آب 355#,355,حباب . ابر: مخلوط هوا و آب 355#,entry_heading,,3353,entries/0302-0437.md,entry-0355
حرف,حرف,558,حرف,entry_heading,,5249,entries/0544-0650.md,entry-0558
حرکت 265#,حرکت 265#,265,حرکت 265#,entry_heading,,2544,entries/0194-0301.md,entry-0265
حرکت انحنادار,حرکت انحنادار,314,حرکت انحنادار,entry_heading,,3015,entries/0302-0437.md,entry-0314
حس ششم . عالم غیب,حس ششم . عالم غیب,984,حس ششم . عالم غیب,entry_heading,,9308,entries/0970-0991.md,entry-0984
حسابداری,حسابداری,808,حسابداری,entry_heading,,7630,entries/0742-0850.md,entry-0808
حسادت,حسادت,911,حسادت,entry_heading,,8649,entries/0851-0969.md,entry-0911
حساسیت روحی . زودرنجی,حساسیت روحی . زودرنجی,819,حساسیت روحی . زودرنجی,entry_heading,,7732,entries/0742-0850.md,entry-0819
حضور,حضور,189,حضور,entry_heading,,1786,entries/0091-0193.md,entry-0189
حفاظ . پرده,حفاظ . پرده,421,حفاظ . پرده,entry_heading,,3919,entries/0302-0437.md,entry-0421
حفظ: جلوگیری ازفساد,حفظ: جلوگیری ازفساد,666,حفظ: جلوگیری ازفساد,entry_heading,,6305,entries/0651-0741.md,entry-0666
حق . راستی,حق . راستی,913,حق . راستی,entry_heading,,8667,entries/0851-0969.md,entry-0913
حقارت . خفت,حقارت . خفت,872,حقارت . خفت,entry_heading,,8283,entries/0851-0969.md,entry-0872
حقوقدان,حقوقدان,958,حقوقدان,entry_heading,,9066,entries/0851-0969.md,entry-0958
حقیقت,حقیقت,494,حقیقت,entry_heading,,4616,entries/0438-0543.md,entry-0494
حق‌شناسی . شُکر,حق‌شناسی . شُکر,907,حق‌شناسی . شُکر,entry_heading,,8618,entries/0851-0969.md,entry-0907
حماقت,حماقت,499,حماقت,entry_heading,,4661,entries/0438-0543.md,entry-0499
حمایت,حمایت,927,حمایت,entry_heading,,8812,entries/0851-0969.md,entry-0927
حمل . ترابری,حمل . ترابری,272,حمل . ترابری,entry_heading,,2616,entries/0194-0301.md,entry-0272
حمل‌کننده,حمل‌کننده,273,حمل‌کننده,entry_heading,,2628,entries/0194-0301.md,entry-0273
حواس . حساسیت,حواس . حساسیت,374,حواس . حساسیت,entry_heading,,3547,entries/0302-0437.md,entry-0374
حَدّ,حَدّ,236,حَدّ,entry_heading,,2280,entries/0194-0301.md,entry-0236
حیوانات,حیوانات,365,حیوانات,entry_heading,,3453,entries/0302-0437.md,entry-0365
خادم,خادم,742,خادم,entry_heading,,7063,entries/0742-0850.md,entry-0742
خارج از زمان خود,خارج از زمان خود,118,خارج از زمان خود,entry_heading,,1096,entries/0091-0193.md,entry-0118
خامی (بی‌تزویری),خامی (بی‌تزویری),699,خامی (بی‌تزویری),entry_heading,,6601,entries/0651-0741.md,entry-0699
خاکستری,خاکستری,429,خاکستری,entry_heading,,3978,entries/0302-0437.md,entry-0429
خبر,خبر,529,خبر,entry_heading,,4986,entries/0438-0543.md,entry-0529
خرج,خرج,806,خرج,entry_heading,,7615,entries/0742-0850.md,entry-0806
خروج,خروج,296,خروج,entry_heading,,2813,entries/0194-0301.md,entry-0296
خرید,خرید,792,خرید,entry_heading,,7506,entries/0742-0850.md,entry-0792
خزان،,خزان،,433,زرد,source_bold,اسم,3997,entries/0302-0437.md,entry-0433
خزانه‌دار,خزانه‌دار,798,خزانه‌دار,entry_heading,,7554,entries/0742-0850.md,entry-0798
خزانه‌داری,خزانه‌داری,799,خزانه‌داری,entry_heading,,7558,entries/0742-0850.md,entry-0799
خست,خست,816,خست,entry_heading,,7697,entries/0742-0850.md,entry-0816
خستگی,خستگی,684,خستگی,entry_heading,,6485,entries/0651-0741.md,entry-0684
خسران . باخت,خسران . باخت,772,خسران . باخت,entry_heading,,7318,entries/0742-0850.md,entry-0772
خشکی,خشکی,342,خشکی,entry_heading,,3268,entries/0302-0437.md,entry-0342
خط مستقیم . هموار,خط مستقیم . هموار,249,خط مستقیم . هموار,entry_heading,,2383,entries/0194-0301.md,entry-0249
خطا,خطا,495,خطا,entry_heading,,4627,entries/0438-0543.md,entry-0495
خطابه,خطابه,583,خطابه,entry_heading,,5421,entries/0544-0650.md,entry-0583
خطر,خطر,661,خطر,entry_heading,,6265,entries/0651-0741.md,entry-0661
خفه کردن ارتعاش,خفه کردن ارتعاش,405,خفه کردن ارتعاش,entry_heading,,3783,entries/0302-0437.md,entry-0405
خلیج,خلیج,345,خلیج,entry_heading,,3291,entries/0302-0437.md,entry-0345
خمیر,خمیر,356,خمیر,entry_heading,,3362,entries/0302-0437.md,entry-0356
خواهان,خواهان,763,خواهان,entry_heading,,7232,entries/0742-0850.md,entry-0763
خواهش,خواهش,761,خواهش,entry_heading,,7215,entries/0742-0850.md,entry-0761
خوبی: صفات خوب انسان,خوبی: صفات خوب انسان,644,خوبی: صفات خوب انسان,entry_heading,,6050,entries/0544-0650.md,entry-0644
خودجوشی,خودجوشی,609,خودجوشی,entry_heading,,5701,entries/0544-0650.md,entry-0609
خودخواهی,خودخواهی,932,خودخواهی,entry_heading,,8862,entries/0851-0969.md,entry-0932
خوشبختی 730#,خوشبختی 730#,730,خوشبختی 730#,entry_heading,,6929,entries/0651-0741.md,entry-0730
خوشمزگی 390#,خوشمزگی 390#,390,خوشمزگی 390#,entry_heading,,3684,entries/0302-0437.md,entry-0390
خوشی,خوشی,824,خوشی,entry_heading,,7785,entries/0742-0850.md,entry-0824
خوش‌سلیقگی,خوش‌سلیقگی,846,خوش‌سلیقگی,entry_heading,,8034,entries/0742-0850.md,entry-0846
خوش‌نامی,خوش‌نامی,866,خوش‌نامی,entry_heading,,8218,entries/0851-0969.md,entry-0866
خوی 817#,خوی 817#,817,خوی 817#,entry_heading,,7715,entries/0742-0850.md,entry-0817
خویشاوندی: بستگی خونی,خویشاوندی: بستگی خونی,11,خویشاوندی: بستگی خونی,entry_heading,,126,entries/0001-0090.md,entry-0011
خَم,خَم,261,خَم,entry_heading,,2495,entries/0194-0301.md,entry-0261
خُردی,خُردی,196,خُردی,entry_heading,,1890,entries/0194-0301.md,entry-0196
خِیر . سعادت,خِیر . سعادت,615,خِیر . سعادت,entry_heading,,5770,entries/0544-0650.md,entry-0615
داخلی بودن . قطعه,داخلی بودن . قطعه,58,داخلی بودن . قطعه,entry_heading,,589,entries/0001-0090.md,entry-0058
دادخواهی,دادخواهی,959,دادخواهی,entry_heading,,9073,entries/0851-0969.md,entry-0959
دادگاه,دادگاه,956,دادگاه,entry_heading,,9054,entries/0851-0969.md,entry-0956
دادگستری . قضا . قضاوت,دادگستری . قضا . قضاوت,955,دادگستری . قضا . قضاوت,entry_heading,,9045,entries/0851-0969.md,entry-0955
دارای جوهر,دارای جوهر,3,جوهر,source_bold,صفت,54,entries/0001-0090.md,entry-0003
دارایی . مِلک 777#,دارایی . مِلک 777#,777,دارایی . مِلک 777#,entry_heading,,7365,entries/0742-0850.md,entry-0777
دافعه,دافعه,292,دافعه,entry_heading,,2786,entries/0194-0301.md,entry-0292
دامداری,دامداری,369,دامداری,entry_heading,,3500,entries/0302-0437.md,entry-0369
دانا 500#,دانا 500#,500,دانا 500#,entry_heading,,4670,entries/0438-0543.md,entry-0500
دانش . دانایی 490#,دانش . دانایی 490#,490,دانش . دانایی 490#,entry_heading,,4580,entries/0438-0543.md,entry-0490
دانشمند,دانشمند,492,دانشمند,entry_heading,,4606,entries/0438-0543.md,entry-0492
دانش‌آموز,دانش‌آموز,538,دانش‌آموز,entry_heading,,5063,entries/0438-0543.md,entry-0538
دخل,دخل,807,دخل,entry_heading,,7624,entries/0742-0850.md,entry-0807
دخول: حرکت به درون,دخول: حرکت به درون,297,دخول: حرکت به درون,entry_heading,,2824,entries/0194-0301.md,entry-0297
درازی (طول),درازی (طول),203,درازی (طول),entry_heading,,1956,entries/0194-0301.md,entry-0203
دربر گرفتن,دربر گرفتن,56,دربر گرفتن,entry_heading,,568,entries/0001-0090.md,entry-0056
درجه: مقدار نسبی,درجه: مقدار نسبی,27,درجه: مقدار نسبی,entry_heading,,269,entries/0001-0090.md,entry-0027
دردست احداث 669,دردست احداث 669,55,ناقص . نقصان (کامل نبودن),source_bold,قید,565,entries/0001-0090.md,entry-0055
دردناکی,دردناکی,827,دردناکی,entry_heading,,7815,entries/0742-0850.md,entry-0827
درستی . درستکاری,درستی . درستکاری,929,درستی . درستکاری,entry_heading,,8835,entries/0851-0969.md,entry-0929
درشتی . اندازه,درشتی . اندازه,195,درشتی . اندازه,entry_heading,,1879,entries/0194-0301.md,entry-0195
درمان,درمان,658,درمان,entry_heading,,6216,entries/0651-0741.md,entry-0658
دروغگویی,دروغگویی,541,دروغگویی,entry_heading,,5086,entries/0438-0543.md,entry-0541
درون,درون,224,درون,entry_heading,,2151,entries/0194-0301.md,entry-0224
دریا . اقیانوس,دریا . اقیانوس,343,دریا . اقیانوس,entry_heading,,3277,entries/0302-0437.md,entry-0343
دریافت,دریافت,782,دریافت,entry_heading,,7415,entries/0742-0850.md,entry-0782
دریانورد (ناوی) 270#,دریانورد (ناوی) 270#,270,دریانورد (ناوی) 270#,entry_heading,,2603,entries/0194-0301.md,entry-0270
دریاچه,دریاچه,346,دریاچه,entry_heading,,3295,entries/0302-0437.md,entry-0346
دزد,دزد,789,دزد,entry_heading,,7487,entries/0742-0850.md,entry-0789
دزدی,دزدی,788,دزدی,entry_heading,,7474,entries/0742-0850.md,entry-0788
دستور,دستور,737,دستور,entry_heading,,7007,entries/0651-0741.md,entry-0737
دستور زبان,دستور زبان,564,دستور زبان,entry_heading,,5295,entries/0544-0650.md,entry-0564
دستگاه نوری,دستگاه نوری,442,دستگاه نوری,entry_heading,,4065,entries/0438-0543.md,entry-0442
دشت,دشت,348,دشت,entry_heading,,3303,entries/0302-0437.md,entry-0348
دشمنی,دشمنی,881,دشمنی,entry_heading,,8369,entries/0851-0969.md,entry-0881
دشواری 700#,دشواری 700#,700,دشواری 700#,entry_heading,,6613,entries/0651-0741.md,entry-0700
دفع . طرد 300#,دفع . طرد 300#,300,دفع . طرد 300#,entry_heading,,2855,entries/0194-0301.md,entry-0300
دفن,دفن,364,دفن,entry_heading,,3441,entries/0302-0437.md,entry-0364
دلالت,دلالت,547,دلالت,entry_heading,,5147,entries/0544-0650.md,entry-0547
دلجویی . پوزش,دلجویی . پوزش,941,دلجویی . پوزش,entry_heading,,8927,entries/0851-0969.md,entry-0941
دلسوزی . ترحم,دلسوزی . ترحم,905,دلسوزی . ترحم,entry_heading,,8599,entries/0851-0969.md,entry-0905
دلیل بودن,دلیل بودن,158,اِسناد: نسبت دادنِ علت,source_bold,فعل,1478,entries/0091-0193.md,entry-0158
دندانه 260#,دندانه 260#,260,دندانه 260#,entry_heading,,2489,entries/0194-0301.md,entry-0260
دهش,دهش,781,دهش,entry_heading,,7405,entries/0742-0850.md,entry-0781
دوبرابری,دوبرابری,91,دوبرابری,entry_heading,,915,entries/0091-0193.md,entry-0091
دور تمام,دور تمام,626,دور تمام,entry_heading,,5892,entries/0544-0650.md,entry-0626
دور شدن 290#,دور شدن 290#,290,دور شدن 290#,entry_heading,,2773,entries/0194-0301.md,entry-0290
دوره: زمان معین 110#,دوره: زمان معین 110#,110,دوره: زمان معین 110#,entry_heading,,1032,entries/0091-0193.md,entry-0110
دوره‌ای بودن: نظم دروقوع و تکرار آن,دوره‌ای بودن: نظم دروقوع و تکرار آن,141,دوره‌ای بودن: نظم دروقوع و تکرار آن,entry_heading,,1297,entries/0091-0193.md,entry-0141
دوری,دوری,199,دوری,entry_heading,,1921,entries/0194-0301.md,entry-0199
دوستی 880#,دوستی 880#,880,دوستی 880#,entry_heading,,8356,entries/0851-0969.md,entry-0880
دوگانگی 90#,دوگانگی 90#,90,دوگانگی 90#,entry_heading,,909,entries/0001-0090.md,entry-0090
دَرد,دَرد,377,دَرد,entry_heading,,3577,entries/0302-0437.md,entry-0377
دَوَران: دایره‌ای بودن ساده 250#,دَوَران: دایره‌ای بودن ساده 250#,250,دَوَران: دایره‌ای بودن ساده 250#,entry_heading,,2390,entries/0194-0301.md,entry-0250
دید . بینایی,دید . بینایی,438,دید . بینایی,entry_heading,,4028,entries/0438-0543.md,entry-0438
دیرگذری,دیرگذری,113,دیرگذری,entry_heading,,1052,entries/0091-0193.md,entry-0113
دین . دینداری,دین . دینداری,973,دین . دینداری,entry_heading,,9189,entries/0970-0991.md,entry-0973
دیوار,دیوار,235,دیوار,entry_heading,,2273,entries/0194-0301.md,entry-0235
دیوانه,دیوانه,504,دیوانه,entry_heading,,4704,entries/0438-0543.md,entry-0504
دیوانگی,دیوانگی,503,دیوانگی,entry_heading,,4688,entries/0438-0543.md,entry-0503
ذات,ذات,1,وجود (هستی),source_bold,اسم,28,entries/0001-0090.md,entry-0001
ذات خداوندی,ذات خداوندی,965,ذات خداوندی,entry_heading,,9134,entries/0851-0969.md,entry-0965
رئیس,رئیس,741,رئیس,entry_heading,,7048,entries/0651-0741.md,entry-0741
رابطه . ربط,رابطه . ربط,9,رابطه . ربط,entry_heading,,105,entries/0001-0090.md,entry-0009
راز 530#,راز 530#,530,راز 530#,entry_heading,,4998,entries/0438-0543.md,entry-0530
راست,راست,241,راست,entry_heading,,2320,entries/0194-0301.md,entry-0241
راستگویی 540#,راستگویی 540#,540,راستگویی 540#,entry_heading,,5080,entries/0438-0543.md,entry-0540
راست‌دینی,راست‌دینی,976,راست‌دینی,entry_heading,,9221,entries/0970-0991.md,entry-0976
رانش,رانش,287,رانش,entry_heading,,2750,entries/0194-0301.md,entry-0287
راه,راه,624,راه,entry_heading,,5870,entries/0544-0650.md,entry-0624
راهِ میانه,راهِ میانه,625,راهِ میانه,entry_heading,,5887,entries/0544-0650.md,entry-0625
رجعت: رجوع به‌حالت اولیه 148#,رجعت: رجوع به‌حالت اولیه 148#,148,رجعت: رجوع به‌حالت اولیه 148#,entry_heading,,1369,entries/0091-0193.md,entry-0148
ردّ . عدم انتخاب,ردّ . عدم انتخاب,607,ردّ . عدم انتخاب,entry_heading,,5686,entries/0544-0650.md,entry-0607
ردیف 73#,ردیف 73#,73,ردیف 73#,entry_heading,,733,entries/0001-0090.md,entry-0073
رزمنده,رزمنده,722,رزمنده,entry_heading,,6832,entries/0651-0741.md,entry-0722
رساله,رساله,591,رساله,entry_heading,,5495,entries/0544-0650.md,entry-0591
رشته . لیف,رشته . لیف,208,رشته . لیف,entry_heading,,2001,entries/0194-0301.md,entry-0208
رضایت . خرسندی,رضایت . خرسندی,828,رضایت . خرسندی,entry_heading,,7831,entries/0742-0850.md,entry-0828
رطوبت . نَمّ,رطوبت . نَمّ,341,رطوبت . نَمّ,entry_heading,,3256,entries/0302-0437.md,entry-0341
رعایا,رعایا,869,رعایا,entry_heading,,8256,entries/0851-0969.md,entry-0869
رعایت,رعایت,768,رعایت,entry_heading,,7271,entries/0742-0850.md,entry-0768
رغبت . داوطلبی,رغبت . داوطلبی,597,رغبت . داوطلبی,entry_heading,,5598,entries/0544-0650.md,entry-0597
رفتار,رفتار,688,رفتار,entry_heading,,6514,entries/0651-0741.md,entry-0688
رفع خستگی,رفع خستگی,685,رفع خستگی,entry_heading,,6494,entries/0651-0741.md,entry-0685
رقت . کمیابی,رقت . کمیابی,325,رقت . کمیابی,entry_heading,,3140,entries/0302-0437.md,entry-0325
رقم کاهنده: چیزی که کسر می شود,رقم کاهنده: چیزی که کسر می شود,42,رقم کاهنده: چیزی که کسر می شود,entry_heading,,411,entries/0001-0090.md,entry-0042
رقیب,رقیب,705,رقیب,entry_heading,,6669,entries/0651-0741.md,entry-0705
رنج . غم,رنج . غم,825,رنج . غم,entry_heading,,7794,entries/0742-0850.md,entry-0825
رنجش . خشم,رنجش . خشم,891,رنجش . خشم,entry_heading,,8475,entries/0851-0969.md,entry-0891
رنگ,رنگ,425,رنگ,entry_heading,,3944,entries/0302-0437.md,entry-0425
رنگارنگی,رنگارنگی,437,رنگارنگی,entry_heading,,4016,entries/0302-0437.md,entry-0437
روایت . شرح . وصف 590#,روایت . شرح . وصف 590#,590,روایت . شرح . وصف 590#,entry_heading,,5483,entries/0544-0650.md,entry-0590
روبرو 240#,روبرو 240#,240,روبرو 240#,entry_heading,,2312,entries/0194-0301.md,entry-0240
روحانیت,روحانیت,986,روحانیت,entry_heading,,9324,entries/0970-0991.md,entry-0986
روزه گرفتن,روزه گرفتن,946,روزه گرفتن,entry_heading,,8961,entries/0851-0969.md,entry-0946
روشنایی 420#,روشنایی 420#,420,روشنایی 420#,entry_heading,,3908,entries/0302-0437.md,entry-0420
روشنی,روشنی,417,روشنی,entry_heading,,3876,entries/0302-0437.md,entry-0417
روغن . چربی,روغن . چربی,357,روغن . چربی,entry_heading,,3367,entries/0302-0437.md,entry-0357
رویداد 154#,رویداد 154#,154,رویداد 154#,entry_heading,,1422,entries/0091-0193.md,entry-0154
ریاضت,ریاضت,945,ریاضت,entry_heading,,8955,entries/0851-0969.md,entry-0945
ریش درآوردن,ریش درآوردن,259,زبری,source_bold,فعل,2484,entries/0194-0301.md,entry-0259
زاده‌نشده,زاده‌نشده,2,عدم (نیستی),source_bold,صفت,41,entries/0001-0090.md,entry-0002
زادوولد,زادوولد,167,زادوولد,entry_heading,,1579,entries/0091-0193.md,entry-0167
زاویه,زاویه,247,زاویه,entry_heading,,2364,entries/0194-0301.md,entry-0247
زبان,زبان,557,زبان,entry_heading,,5241,entries/0544-0650.md,entry-0557
زبر شدن، وز کردن,زبر شدن، وز کردن,259,زبری,source_bold,فعل,2484,entries/0194-0301.md,entry-0259
زبری,زبری,259,زبری,entry_heading,,2480,entries/0194-0301.md,entry-0259
زرد,زرد,433,زرد,entry_heading,,3996,entries/0302-0437.md,entry-0433
زشتی,زشتی,842,زشتی,entry_heading,,7989,entries/0742-0850.md,entry-0842
زشتی کلام,زشتی کلام,576,زشتی کلام,entry_heading,,5372,entries/0544-0650.md,entry-0576
زمان 108#,زمان 108#,108,زمان 108#,entry_heading,,1013,entries/0091-0193.md,entry-0108
زمان حال,زمان حال,121,زمان حال,entry_heading,,1115,entries/0091-0193.md,entry-0121
زمان دیگر,زمان دیگر,122,زمان دیگر,entry_heading,,1123,entries/0091-0193.md,entry-0122
زمان‌سنجی,زمان‌سنجی,117,زمان‌سنجی,entry_heading,,1087,entries/0091-0193.md,entry-0117
زمین,زمین,344,زمین,entry_heading,,3282,entries/0302-0437.md,entry-0344
زندان,زندان,748,زندان,entry_heading,,7124,entries/0742-0850.md,entry-0748
زندانبان,زندانبان,749,زندانبان,entry_heading,,7127,entries/0742-0850.md,entry-0749
زندانی 750#,زندانی 750#,750,زندانی 750#,entry_heading,,7132,entries/0742-0850.md,entry-0750
زندگی 360#,زندگی 360#,360,زندگی 360#,entry_heading,,3402,entries/0302-0437.md,entry-0360
زوال . فرسایش,زوال . فرسایش,655,زوال . فرسایش,entry_heading,,6180,entries/0651-0741.md,entry-0655
زودباوری,زودباوری,487,زودباوری,entry_heading,,4548,entries/0438-0543.md,entry-0487
زودگذری,زودگذری,114,زودگذری,entry_heading,,1063,entries/0091-0193.md,entry-0114
زیاده‌روی . فزونی (حرکت فراتر),زیاده‌روی . فزونی (حرکت فراتر),306,زیاده‌روی . فزونی (حرکت فراتر),entry_heading,,2950,entries/0302-0437.md,entry-0306
زیباسازی . آرایش,زیباسازی . آرایش,843,زیباسازی . آرایش,entry_heading,,7999,entries/0742-0850.md,entry-0843
زیبایی,زیبایی,841,زیبایی,entry_heading,,7978,entries/0742-0850.md,entry-0841
زیرکی,زیرکی,698,زیرکی,entry_heading,,6592,entries/0651-0741.md,entry-0698
ساختاریافتگی,ساختاریافتگی,331,ساختاریافتگی,entry_heading,,3182,entries/0302-0437.md,entry-0331
سادگی,سادگی,44,سادگی,entry_heading,,429,entries/0001-0090.md,entry-0044
سادگی [کلام],سادگی [کلام],573,سادگی [کلام],entry_heading,,5352,entries/0544-0650.md,entry-0573
ساز,ساز,414,ساز,entry_heading,,3845,entries/0302-0437.md,entry-0414
سازش 770#,سازش 770#,770,سازش 770#,entry_heading,,7285,entries/0742-0850.md,entry-0770
سازگاری,سازگاری,24,سازگاری,entry_heading,,232,entries/0001-0090.md,entry-0024
سبز,سبز,434,سبز,entry_heading,,4001,entries/0302-0437.md,entry-0434
سترونی,سترونی,172,سترونی,entry_heading,,1623,entries/0091-0193.md,entry-0172
ستیز . مبارزه,ستیز . مبارزه,716,ستیز . مبارزه,entry_heading,,6769,entries/0651-0741.md,entry-0716
سخاوت,سخاوت,813,سخاوت,entry_heading,,7677,entries/0742-0850.md,entry-0813
سخت,سخت,377,دَرد,source_bold,صفت,3582,entries/0302-0437.md,entry-0377
سختی . صلابت,سختی . صلابت,326,سختی . صلابت,entry_heading,,3146,entries/0302-0437.md,entry-0326
سخت‌گیری,سخت‌گیری,735,سخت‌گیری,entry_heading,,6988,entries/0651-0741.md,entry-0735
سخن,سخن,579,سخن,entry_heading,,5390,entries/0544-0650.md,entry-0579
سرآغاز,سرآغاز,66,سرآغاز,entry_heading,,669,entries/0001-0090.md,entry-0066
سرحالی . شادی,سرحالی . شادی,833,سرحالی . شادی,entry_heading,,7871,entries/0742-0850.md,entry-0833
سرخ,سرخ,431,سرخ,entry_heading,,3986,entries/0302-0437.md,entry-0431
سردکننده: یخچال,سردکننده: یخچال,384,سردکننده: یخچال,entry_heading,,3648,entries/0302-0437.md,entry-0384
سرزنش . تقبیح,سرزنش . تقبیح,924,سرزنش . تقبیح,entry_heading,,8779,entries/0851-0969.md,entry-0924
سرسختی . یکدندگی,سرسختی . یکدندگی,602,سرسختی . یکدندگی,entry_heading,,5633,entries/0544-0650.md,entry-0602
سرعت,سرعت,277,سرعت,entry_heading,,2662,entries/0194-0301.md,entry-0277
سرما 380#,سرما 380#,380,سرما 380#,entry_heading,,3610,entries/0302-0437.md,entry-0380
سرمایش,سرمایش,382,سرمایش,entry_heading,,3633,entries/0302-0437.md,entry-0382
سرمشق,سرمشق,23,سرمشق,entry_heading,,225,entries/0001-0090.md,entry-0023
سرموقع,سرموقع,137,سرموقع,entry_heading,,1259,entries/0091-0193.md,entry-0137
سرهم‌بند,سرهم‌بند,697,سرهم‌بند,entry_heading,,6588,entries/0651-0741.md,entry-0697
سرپیچی . عصیان,سرپیچی . عصیان,738,سرپیچی . عصیان,entry_heading,,7020,entries/0651-0741.md,entry-0738
سرگرمی,سرگرمی,837,سرگرمی,entry_heading,,7918,entries/0742-0850.md,entry-0837
سفسطه . تناقض,سفسطه . تناقض,477,سفسطه . تناقض,entry_heading,,4442,entries/0438-0543.md,entry-0477
سفید,سفید,427,سفید,entry_heading,,3962,entries/0302-0437.md,entry-0427
سقوط: پایین آمدن,سقوط: پایین آمدن,309,سقوط: پایین آمدن,entry_heading,,2976,entries/0302-0437.md,entry-0309
سلاح,سلاح,723,سلاح,entry_heading,,6851,entries/0651-0741.md,entry-0723
سنگینی . گرانش,سنگینی . گرانش,322,سنگینی . گرانش,entry_heading,,3104,entries/0302-0437.md,entry-0322
سه‌برابری,سه‌برابری,94,سه‌برابری,entry_heading,,933,entries/0091-0193.md,entry-0094
سه‌گانگی,سه‌گانگی,93,سه‌گانگی,entry_heading,,929,entries/0091-0193.md,entry-0093
سوءاستفاده,سوءاستفاده,675,سوءاستفاده,entry_heading,,6395,entries/0651-0741.md,entry-0675
سوءتعبیر,سوءتعبیر,521,سوءتعبیر,entry_heading,,4881,entries/0438-0543.md,entry-0521
سوخت,سوخت,385,سوخت,entry_heading,,3653,entries/0302-0437.md,entry-0385
سوگواری,سوگواری,836,سوگواری,entry_heading,,7909,entries/0742-0850.md,entry-0836
سَبُکی,سَبُکی,323,سَبُکی,entry_heading,,3114,entries/0302-0437.md,entry-0323
سَبْک,سَبْک,566,سَبْک,entry_heading,,5307,entries/0544-0650.md,entry-0566
سکوت,سکوت,399,سکوت,entry_heading,,3746,entries/0302-0437.md,entry-0399
سکون,سکون,677,سکون,entry_heading,,6414,entries/0651-0741.md,entry-0677
سیاه,سیاه,428,سیاه,entry_heading,,3970,entries/0302-0437.md,entry-0428
شادمانی,شادمانی,835,شادمانی,entry_heading,,7898,entries/0742-0850.md,entry-0835
شانس: فقدان علت 159#,شانس: فقدان علت 159#,159,شانس: فقدان علت 159#,entry_heading,,1484,entries/0091-0193.md,entry-0159
شجاعت,شجاعت,855,شجاعت,entry_heading,,8120,entries/0851-0969.md,entry-0855
شخص کارشناس,شخص کارشناس,696,شخص کارشناس,entry_heading,,6583,entries/0651-0741.md,entry-0696
شدت . خشونت,شدت . خشونت,176,شدت . خشونت,entry_heading,,1662,entries/0091-0193.md,entry-0176
شدن,شدن,1,وجود (هستی),source_bold,فعل,32,entries/0001-0090.md,entry-0001
شدّت و حدّت کلام,شدّت و حدّت کلام,571,شدّت و حدّت کلام,entry_heading,,5340,entries/0544-0650.md,entry-0571
شرارت,شرارت,934,شرارت,entry_heading,,8875,entries/0851-0969.md,entry-0934
شرایط: وضعیت نسبی,شرایط: وضعیت نسبی,8,شرایط: وضعیت نسبی,entry_heading,,92,entries/0001-0090.md,entry-0008
شرّ,شرّ,616,شرّ,entry_heading,,5782,entries/0544-0650.md,entry-0616
شعر و نثر,شعر و نثر,593,شعر و نثر,entry_heading,,5512,entries/0544-0650.md,entry-0593
شعور 447#,شعور 447#,447,شعور 447#,entry_heading,,4125,entries/0438-0543.md,entry-0447
شفاف,شفاف,422,شفاف,entry_heading,,3927,entries/0302-0437.md,entry-0422
شمارش,شمارش,86,شمارش,entry_heading,,868,entries/0001-0090.md,entry-0086
شمول . دربر داشتن,شمول . دربر داشتن,78,شمول . دربر داشتن,entry_heading,,781,entries/0001-0090.md,entry-0078
شنوایی,شنوایی,415,شنوایی,entry_heading,,3858,entries/0302-0437.md,entry-0415
شورا,شورا,692,شورا,entry_heading,,6546,entries/0651-0741.md,entry-0692
شَمّ . غریزه,شَمّ . غریزه,476,شَمّ . غریزه,entry_heading,,4436,entries/0438-0543.md,entry-0476
شکست: عجز درانجام,شکست: عجز درانجام,728,شکست: عجز درانجام,entry_heading,,6911,entries/0651-0741.md,entry-0728
شکل 243#,شکل 243#,243,شکل 243#,entry_heading,,2336,entries/0194-0301.md,entry-0243
شکنندگی 330#,شکنندگی 330#,330,شکنندگی 330#,entry_heading,,3176,entries/0302-0437.md,entry-0330
شگفت,شگفت,864,شگفت,entry_heading,,8198,entries/0851-0969.md,entry-0864
شیار,شیار,262,شیار,entry_heading,,2501,entries/0194-0301.md,entry-0262
شیرجه . غواصی,شیرجه . غواصی,313,شیرجه . غواصی,entry_heading,,3007,entries/0302-0437.md,entry-0313
شیرین,شیرین,392,شیرین,entry_heading,,3697,entries/0302-0437.md,entry-0392
شیطان,شیطان,969,شیطان,entry_heading,,9162,entries/0851-0969.md,entry-0969
صافی (صاف بودن) 258#,صافی (صاف بودن) 258#,258,صافی (صاف بودن) 258#,entry_heading,,2470,entries/0194-0301.md,entry-0258
صبح . بهار . تابستان,صبح . بهار . تابستان,128,صبح . بهار . تابستان,entry_heading,,1184,entries/0091-0193.md,entry-0128
صحبت باخود,صحبت باخود,585,صحبت باخود,entry_heading,,5437,entries/0544-0650.md,entry-0585
صدا,صدا,398,صدا,entry_heading,,3738,entries/0302-0437.md,entry-0398
صدای انفجاری,صدای انفجاری,402,صدای انفجاری,entry_heading,,3769,entries/0302-0437.md,entry-0402
صدای بلند 400#,صدای بلند 400#,400,صدای بلند 400#,entry_heading,,3754,entries/0302-0437.md,entry-0400
صدای حیوانات,صدای حیوانات,409,صدای حیوانات,entry_heading,,3804,entries/0302-0437.md,entry-0409
صدای خشن,صدای خشن,407,صدای خشن,entry_heading,,3791,entries/0302-0437.md,entry-0407
صدای ناهنجار,صدای ناهنجار,411,صدای ناهنجار,entry_heading,,3826,entries/0302-0437.md,entry-0411
صدای نرم,صدای نرم,406,صدای نرم,entry_heading,,3787,entries/0302-0437.md,entry-0406
صدای کوتاه,صدای کوتاه,401,صدای کوتاه,entry_heading,,3761,entries/0302-0437.md,entry-0401
صدور: حرکت به‌بیرون 298#,صدور: حرکت به‌بیرون 298#,298,صدور: حرکت به‌بیرون 298#,entry_heading,,2835,entries/0194-0301.md,entry-0298
صراحت کلام,صراحت کلام,567,صراحت کلام,entry_heading,,5312,entries/0544-0650.md,entry-0567
صرفه‌جویی,صرفه‌جویی,814,صرفه‌جویی,entry_heading,,7684,entries/0742-0850.md,entry-0814
صعود: بالا رفتن,صعود: بالا رفتن,308,صعود: بالا رفتن,entry_heading,,2968,entries/0302-0437.md,entry-0308
صفات بد انسانی,صفات بد انسانی,616,شرّ,source_bold,صفت,5787,entries/0544-0650.md,entry-0616
صفات موروثی,صفات موروثی,5,عرضیت,source_bold,اسم,68,entries/0001-0090.md,entry-0005
صفر,صفر,103,صفر,entry_heading,,968,entries/0091-0193.md,entry-0103
صلح,صلح,717,صلح,entry_heading,,6785,entries/0651-0741.md,entry-0717
ضدیت . تقابل,ضدیت . تقابل,704,ضدیت . تقابل,entry_heading,,6660,entries/0651-0741.md,entry-0704
ضعف,ضعف,163,ضعف,entry_heading,,1536,entries/0091-0193.md,entry-0163
ضعف کلام,ضعف کلام,572,ضعف کلام,entry_heading,,5347,entries/0544-0650.md,entry-0572
طبقه‌بندی . تعیین,طبقه‌بندی . تعیین,77,طبقه‌بندی . تعیین,entry_heading,,772,entries/0001-0090.md,entry-0077
طرح کلی,طرح کلی,233,طرح کلی,entry_heading,,2259,entries/0194-0301.md,entry-0233
طلاق,طلاق,896,طلاق,entry_heading,,8522,entries/0851-0969.md,entry-0896
طول‌وتفصیل 570#,طول‌وتفصیل 570#,570,طول‌وتفصیل 570#,entry_heading,,5332,entries/0544-0650.md,entry-0570
طی: زمان نامعین,طی: زمان نامعین,111,طی: زمان نامعین,entry_heading,,1040,entries/0091-0193.md,entry-0111
ظاهر شدن,ظاهر شدن,445,پدیداری . ظاهر,source_bold,فعل,4099,entries/0438-0543.md,entry-0445
ظاهراً,ظاهراً,445,پدیداری . ظاهر,source_bold,قید,4100,entries/0438-0543.md,entry-0445
ظرافت طبع,ظرافت طبع,839,ظرافت طبع,entry_heading,,7963,entries/0742-0850.md,entry-0839
ظرافت کلام,ظرافت کلام,575,ظرافت کلام,entry_heading,,5365,entries/0544-0650.md,entry-0575
ظرف,ظرف,194,ظرف,entry_heading,,1846,entries/0194-0301.md,entry-0194
عادت 610#,عادت 610#,610,عادت 610#,entry_heading,,5708,entries/0544-0650.md,entry-0610
عارض,عارض,6,عارض,entry_heading,,76,entries/0001-0090.md,entry-0006
عامل,عامل,686,عامل,entry_heading,,6502,entries/0651-0741.md,entry-0686
عاملیت,عاملیت,173,عاملیت,entry_heading,,1631,entries/0091-0193.md,entry-0173
عجله 680#,عجله 680#,680,عجله 680#,entry_heading,,6454,entries/0651-0741.md,entry-0680
عدد 85#,عدد 85#,85,عدد 85#,entry_heading,,859,entries/0001-0090.md,entry-0085
عدم,عدم,2,عدم (نیستی),source_bold,اسم,37,entries/0001-0090.md,entry-0002
عدم (نیستی),عدم (نیستی),2,عدم (نیستی),entry_heading,,36,entries/0001-0090.md,entry-0002
عدم اتحاد . گسیختگی,عدم اتحاد . گسیختگی,46,عدم اتحاد . گسیختگی,entry_heading,,460,entries/0001-0090.md,entry-0046
عدم احتمال,عدم احتمال,472,عدم احتمال,entry_heading,,4381,entries/0438-0543.md,entry-0472
عدم استفاده,عدم استفاده,674,عدم استفاده,entry_heading,,6387,entries/0651-0741.md,entry-0674
عدم امکان . امتناع 470#,عدم امکان . امتناع 470#,470,عدم امکان . امتناع 470#,entry_heading,,4362,entries/0438-0543.md,entry-0470
عدم انتظار,عدم انتظار,508,عدم انتظار,entry_heading,,4750,entries/0438-0543.md,entry-0508
عدم انسجام,عدم انسجام,49,عدم انسجام,entry_heading,,500,entries/0001-0090.md,entry-0049
عدم اهمیت,عدم اهمیت,639,عدم اهمیت,entry_heading,,6009,entries/0544-0650.md,entry-0639
عدم تحرک,عدم تحرک,266,عدم تحرک,entry_heading,,2552,entries/0194-0301.md,entry-0266
عدم تداوم,عدم تداوم,72,عدم تداوم,entry_heading,,725,entries/0001-0090.md,entry-0072
عدم تشابه,عدم تشابه,19,عدم تشابه,entry_heading,,194,entries/0001-0090.md,entry-0019
عدم تشخیص . تعصب,عدم تشخیص . تعصب,481,عدم تشخیص . تعصب,entry_heading,,4484,entries/0438-0543.md,entry-0481
عدم تطبیق,عدم تطبیق,84,عدم تطبیق,entry_heading,,844,entries/0001-0090.md,entry-0084
عدم تمیز,عدم تمیز,464,عدم تمیز,entry_heading,,4297,entries/0438-0543.md,entry-0464
عدم توقف: تداوم در حرکت / عمل,عدم توقف: تداوم در حرکت / عمل,146,عدم توقف: تداوم در حرکت / عمل,entry_heading,,1351,entries/0091-0193.md,entry-0146
عدم تکمیل,عدم تکمیل,726,عدم تکمیل,entry_heading,,6890,entries/0651-0741.md,entry-0726
عدم رضایت,عدم رضایت,829,عدم رضایت,entry_heading,,7840,entries/0742-0850.md,entry-0829
عدم رعایت,عدم رعایت,769,عدم رعایت,entry_heading,,7279,entries/0742-0850.md,entry-0769
عدم صراحت کلام,عدم صراحت کلام,568,عدم صراحت کلام,entry_heading,,5320,entries/0544-0650.md,entry-0568
عدم فعالیت . خواب,عدم فعالیت . خواب,679,عدم فعالیت . خواب,entry_heading,,6438,entries/0651-0741.md,entry-0679
عدم مالکیت,عدم مالکیت,774,عدم مالکیت,entry_heading,,7342,entries/0742-0850.md,entry-0774
عدم مصلحت,عدم مصلحت,643,عدم مصلحت,entry_heading,,6043,entries/0544-0650.md,entry-0643
عدم مهارت . ناشیگری,عدم مهارت . ناشیگری,695,عدم مهارت . ناشیگری,entry_heading,,6571,entries/0651-0741.md,entry-0695
عدم نگهداری,عدم نگهداری,779,عدم نگهداری,entry_heading,,7385,entries/0742-0850.md,entry-0779
عدم پرداخت,عدم پرداخت,805,عدم پرداخت,entry_heading,,7608,entries/0742-0850.md,entry-0805
عدم کفایت,عدم کفایت,636,عدم کفایت,entry_heading,,5976,entries/0544-0650.md,entry-0636
عدم کنجکاوی,عدم کنجکاوی,454,عدم کنجکاوی,entry_heading,,4189,entries/0438-0543.md,entry-0454
عدم‌قطعیت . تردید,عدم‌قطعیت . تردید,474,عدم‌قطعیت . تردید,entry_heading,,4401,entries/0438-0543.md,entry-0474
عرض . ضخامت,عرض . ضخامت,205,عرض . ضخامت,entry_heading,,1977,entries/0194-0301.md,entry-0205
عرضیت,عرضیت,5,عرضیت,entry_heading,,63,entries/0001-0090.md,entry-0005
عرفان,عرفان,991,عرفان,entry_heading,,9364,entries/0970-0991.md,entry-0991
عزرائیل,عزرائیل,168,مرگ‌ومیر,source_bold,اسم,1592,entries/0091-0193.md,entry-0168
عزم,عزم,599,عزم,entry_heading,,5614,entries/0544-0650.md,entry-0599
عزیز 890# عزی,عزیز 890# عزی,890,عزیز 890# عزی,entry_heading,,8470,entries/0851-0969.md,entry-0890
عشق,عشق,887,عشق,entry_heading,,8429,entries/0851-0969.md,entry-0887
عصر . پاییز . زمستان,عصر . پاییز . زمستان,129,عصر . پاییز . زمستان,entry_heading,,1195,entries/0091-0193.md,entry-0129
عطر,عطر,396,عطر,entry_heading,,3724,entries/0302-0437.md,entry-0396
عفت . پاکدامنی 950#,عفت . پاکدامنی 950#,950,عفت . پاکدامنی 950#,entry_heading,,8996,entries/0851-0969.md,entry-0950
عفو . بخشش,عفو . بخشش,909,عفو . بخشش,entry_heading,,8633,entries/0851-0969.md,entry-0909
عقب,عقب,238,عقب,entry_heading,,2297,entries/0194-0301.md,entry-0238
عقل . سلامت عقل,عقل . سلامت عقل,502,عقل . سلامت عقل,entry_heading,,4681,entries/0438-0543.md,entry-0502
علامت خطر,علامت خطر,665,علامت خطر,entry_heading,,6299,entries/0651-0741.md,entry-0665
علیت . علت 156#,علیت . علت 156#,156,علیت . علت 156#,entry_heading,,1451,entries/0091-0193.md,entry-0156
عمق,عمق,211,عمق,entry_heading,,2033,entries/0194-0301.md,entry-0211
عمل,عمل,676,عمل,entry_heading,,6405,entries/0651-0741.md,entry-0676
عمودی,عمودی,215,عمودی,entry_heading,,2060,entries/0194-0301.md,entry-0215
عمومیت,عمومیت,79,عمومیت,entry_heading,,793,entries/0001-0090.md,entry-0079
عنوان 870#,عنوان 870#,870,عنوان 870#,entry_heading,,8270,entries/0851-0969.md,entry-0870
عود,عود,657,عود,entry_heading,,6211,entries/0651-0741.md,entry-0657
عَرضه,عَرضه,759,عَرضه,entry_heading,,7202,entries/0742-0850.md,entry-0759
غبطه,غبطه,912,غبطه,entry_heading,,8656,entries/0851-0969.md,entry-0912
غذا: خوردن و نوشیدن,غذا: خوردن و نوشیدن,301,غذا: خوردن و نوشیدن,entry_heading,,2872,entries/0194-0301.md,entry-0301
غرش: صدای مستمر و ممتد,غرش: صدای مستمر و ممتد,403,غرش: صدای مستمر و ممتد,entry_heading,,3773,entries/0302-0437.md,entry-0403
غرور . افتخار,غرور . افتخار,871,غرور . افتخار,entry_heading,,8277,entries/0851-0969.md,entry-0871
غفلت . بی‌دقتی,غفلت . بی‌دقتی,458,غفلت . بی‌دقتی,entry_heading,,4231,entries/0438-0543.md,entry-0458
غلط دستوری,غلط دستوری,565,غلط دستوری,entry_heading,,5302,entries/0544-0650.md,entry-0565
غلظت . نیمه‌مایع,غلظت . نیمه‌مایع,354,غلظت . نیمه‌مایع,entry_heading,,3342,entries/0302-0437.md,entry-0354
غنایم 790#,غنایم 790#,790,غنایم 790#,entry_heading,,7493,entries/0742-0850.md,entry-0790
غیاب 190#,غیاب 190#,190,غیاب 190#,entry_heading,,1797,entries/0091-0193.md,entry-0190
غیرحقیقت,غیرحقیقت,543,غیرحقیقت,entry_heading,,5114,entries/0438-0543.md,entry-0543
غیرقابل‌درک بودن,غیرقابل‌درک بودن,517,غیرقابل‌درک بودن,entry_heading,,4844,entries/0438-0543.md,entry-0517
غیرقانونی,غیرقانونی,954,غیرقانونی,entry_heading,,9033,entries/0851-0969.md,entry-0954
غیرموجود,غیرموجود,2,عدم (نیستی),source_bold,صفت,39,entries/0001-0090.md,entry-0002
غیرواقعی,غیرواقعی,2,عدم (نیستی),source_bold,صفت,40,entries/0001-0090.md,entry-0002
فاصله,فاصله,201,فاصله,entry_heading,,1940,entries/0194-0301.md,entry-0201
فایده 640#,فایده 640#,640,فایده 640#,entry_heading,,6020,entries/0544-0650.md,entry-0640
فخرفروشی,فخرفروشی,875,فخرفروشی,entry_heading,,8312,entries/0851-0969.md,entry-0875
فرار,فرار,667,فرار,entry_heading,,6313,entries/0651-0741.md,entry-0667
فراموشی,فراموشی,506,فراموشی,entry_heading,,4731,entries/0438-0543.md,entry-0506
فرشته,فرشته,968,فرشته,entry_heading,,9157,entries/0851-0969.md,entry-0968
فرقه‌گرایی,فرقه‌گرایی,978,فرقه‌گرایی,entry_heading,,9238,entries/0970-0991.md,entry-0978
فروتنی . شرم,فروتنی . شرم,874,فروتنی . شرم,entry_heading,,8302,entries/0851-0969.md,entry-0874
فروش,فروش,793,فروش,entry_heading,,7514,entries/0742-0850.md,entry-0793
فروکنش,فروکنش,303,فروکنش,entry_heading,,2923,entries/0302-0437.md,entry-0303
فریاد انسان,فریاد انسان,408,فریاد انسان,entry_heading,,3797,entries/0302-0437.md,entry-0408
فریب,فریب,542,فریب,entry_heading,,5098,entries/0438-0543.md,entry-0542
فریبکار,فریبکار,545,فریبکار,entry_heading,,5128,entries/0544-0650.md,entry-0545
فریضه,فریضه,693,فریضه,entry_heading,,6553,entries/0651-0741.md,entry-0693
فضا 183#,فضا 183#,183,فضا 183#,entry_heading,,1735,entries/0091-0193.md,entry-0183
فضای خالی قابل‌استفاده،,فضای خالی قابل‌استفاده،,183,فضا 183#,source_bold,اسم,1739,entries/0091-0193.md,entry-0183
فعال بودن,فعال بودن,174,فعال بودن,entry_heading,,1640,entries/0091-0193.md,entry-0174
فعالیت . بیداری,فعالیت . بیداری,678,فعالیت . بیداری,entry_heading,,6421,entries/0651-0741.md,entry-0678
فعلاً: زمان مشروط,فعلاً: زمان مشروط,112,فعلاً: زمان مشروط,entry_heading,,1047,entries/0091-0193.md,entry-0112
فقدان آمادگی 670#,فقدان آمادگی 670#,670,فقدان آمادگی 670#,entry_heading,,6349,entries/0651-0741.md,entry-0670
فقدان ارتباط . بی ربطی 10#,فقدان ارتباط . بی ربطی 10#,10,فقدان ارتباط . بی ربطی 10#,entry_heading,,118,entries/0001-0090.md,entry-0010
فقدان انتخاب . بیچارگی,فقدان انتخاب . بیچارگی,606,فقدان انتخاب . بیچارگی,entry_heading,,5674,entries/0544-0650.md,entry-0606
فقدان اندیشه 450#,فقدان اندیشه 450#,450,فقدان اندیشه 450#,entry_heading,,4156,entries/0438-0543.md,entry-0450
فقدان تحیر,فقدان تحیر,865,فقدان تحیر,entry_heading,,8210,entries/0851-0969.md,entry-0865
فقدان حساسیت روحی . بی‌عاطفگی,فقدان حساسیت روحی . بی‌عاطفگی,820,فقدان حساسیت روحی . بی‌عاطفگی,entry_heading,,7740,entries/0742-0850.md,entry-0820
فقدان حق,فقدان حق,916,فقدان حق,entry_heading,,8696,entries/0851-0969.md,entry-0916
فقدان شعور,فقدان شعور,448,فقدان شعور,entry_heading,,4136,entries/0438-0543.md,entry-0448
فقدان وظیفه,فقدان وظیفه,918,فقدان وظیفه,entry_heading,,8722,entries/0851-0969.md,entry-0918
فقر,فقر,801,فقر,entry_heading,,7574,entries/0742-0850.md,entry-0801
فلاکت,فلاکت,731,فلاکت,entry_heading,,6939,entries/0651-0741.md,entry-0731
فهرست,فهرست,87,فهرست,entry_heading,,884,entries/0001-0090.md,entry-0087
قابل درک,قابل درک,516,قابل درک,entry_heading,,4835,entries/0438-0543.md,entry-0516
قاضی,قاضی,957,قاضی,entry_heading,,9061,entries/0851-0969.md,entry-0957
قاعده,قاعده,81,قاعده,entry_heading,,819,entries/0001-0090.md,entry-0081
قانونیت,قانونیت,953,قانونیت,entry_heading,,9022,entries/0851-0969.md,entry-0953
قدرت,قدرت,162,قدرت,entry_heading,,1519,entries/0091-0193.md,entry-0162
قرارداد,قرارداد,765,قرارداد,entry_heading,,7248,entries/0742-0850.md,entry-0765
قصد,قصد,617,قصد,entry_heading,,5796,entries/0544-0650.md,entry-0617
قطعیت,قطعیت,473,قطعیت,entry_heading,,4387,entries/0438-0543.md,entry-0473
قلت,قلت,105,قلت,entry_heading,,985,entries/0091-0193.md,entry-0105
قلّه . رأس,قلّه . رأس,213,قلّه . رأس,entry_heading,,2046,entries/0194-0301.md,entry-0213
قهوه‌ای 430#,قهوه‌ای 430#,430,قهوه‌ای 430#,entry_heading,,3982,entries/0302-0437.md,entry-0430
قول,قول,764,قول,entry_heading,,7242,entries/0742-0850.md,entry-0764
قوۀ تمیز,قوۀ تمیز,463,قوۀ تمیز,entry_heading,,4291,entries/0438-0543.md,entry-0463
قِران: جمع علل,قِران: جمع علل,181,قِران: جمع علل,entry_heading,,1709,entries/0091-0193.md,entry-0181
قیمت,قیمت,809,قیمت,entry_heading,,7643,entries/0742-0850.md,entry-0809
لاف‌زنی,لاف‌زنی,877,لاف‌زنی,entry_heading,,8330,entries/0851-0969.md,entry-0877
لامذهبی,لامذهبی,974,لامذهبی,entry_heading,,9203,entries/0970-0991.md,entry-0974
لایه . صفحه,لایه . صفحه,207,لایه . صفحه,entry_heading,,1992,entries/0194-0301.md,entry-0207
لباس روحانی,لباس روحانی,989,لباس روحانی,entry_heading,,9348,entries/0970-0991.md,entry-0989
لحظه,لحظه,116,لحظه,entry_heading,,1081,entries/0091-0193.md,entry-0116
لذت,لذت,376,لذت,entry_heading,,3568,entries/0302-0437.md,entry-0376
لذت‌بخشی . لطف,لذت‌بخشی . لطف,826,لذت‌بخشی . لطف,entry_heading,,7808,entries/0742-0850.md,entry-0826
لغو . الغا . عزل,لغو . الغا . عزل,752,لغو . الغا . عزل,entry_heading,,7145,entries/0742-0850.md,entry-0752
لولۀ بادی,لولۀ بادی,353,لولۀ بادی,entry_heading,,3338,entries/0302-0437.md,entry-0353
لکه . فقدان زینت,لکه . فقدان زینت,845,لکه . فقدان زینت,entry_heading,,8028,entries/0742-0850.md,entry-0845
لیزی . روانی,لیزی . روانی,334,لیزی . روانی,entry_heading,,3202,entries/0302-0437.md,entry-0334
مأمور,مأمور,754,مأمور,entry_heading,,7162,entries/0742-0850.md,entry-0754
مأموریت,مأموریت,672,مأموریت,entry_heading,,6371,entries/0651-0741.md,entry-0672
مؤنث,مؤنث,373,مؤنث,entry_heading,,3540,entries/0302-0437.md,entry-0373
مادیت 319#,مادیت 319#,319,مادیت 319#,entry_heading,,3065,entries/0302-0437.md,entry-0319
مالک,مالک,776,مالک,entry_heading,,7359,entries/0742-0850.md,entry-0776
مالکیت,مالکیت,773,مالکیت,entry_heading,,7329,entries/0742-0850.md,entry-0773
مالکیت مشاع,مالکیت مشاع,775,مالکیت مشاع,entry_heading,,7348,entries/0742-0850.md,entry-0775
مال‌التجاره,مال‌التجاره,795,مال‌التجاره,entry_heading,,7528,entries/0742-0850.md,entry-0795
مایع,مایع,335,مایع,entry_heading,,3210,entries/0302-0437.md,entry-0335
مایۀ هلاک . زهر,مایۀ هلاک . زهر,659,مایۀ هلاک . زهر,entry_heading,,6242,entries/0651-0741.md,entry-0659
مبادرت . اقدام,مبادرت . اقدام,671,مبادرت . اقدام,entry_heading,,6359,entries/0651-0741.md,entry-0671
مبالغه,مبالغه,482,مبالغه,entry_heading,,4499,entries/0438-0543.md,entry-0482
مترجم,مترجم,20,تقلید (نسخه‌برداری) 20#,source_bold,صفت,205,entries/0001-0090.md,entry-0020
متصدی ثبت . ضبط کننده,متصدی ثبت . ضبط کننده,549,متصدی ثبت . ضبط کننده,entry_heading,,5182,entries/0544-0650.md,entry-0549
متمّم 40#,متمّم 40#,40,متمّم 40#,entry_heading,,398,entries/0001-0090.md,entry-0040
مجازات . تنبیه,مجازات . تنبیه,963,مجازات . تنبیه,entry_heading,,9106,entries/0851-0969.md,entry-0963
مجال . فراغت,مجال . فراغت,681,مجال . فراغت,entry_heading,,6461,entries/0651-0741.md,entry-0681
مجاورت,مجاورت,202,مجاورت,entry_heading,,1948,entries/0194-0301.md,entry-0202
مجسمه‌سازی,مجسمه‌سازی,554,مجسمه‌سازی,entry_heading,,5220,entries/0544-0650.md,entry-0554
محاوره,محاوره,584,محاوره,entry_heading,,5427,entries/0544-0650.md,entry-0584
محل: فضای محدود,محل: فضای محدود,185,محل: فضای محدود,entry_heading,,1753,entries/0091-0193.md,entry-0185
محکومیت,محکومیت,961,محکومیت,entry_heading,,9091,entries/0851-0969.md,entry-0961
محیط 230#,محیط 230#,230,محیط 230#,entry_heading,,2231,entries/0194-0301.md,entry-0230
مخابرات,مخابرات,531,مخابرات,entry_heading,,5004,entries/0438-0543.md,entry-0531
مخاطی,مخاطی,302,مدفوع,source_bold,صفت,2920,entries/0302-0437.md,entry-0302
مدرسه,مدرسه,539,مدرسه,entry_heading,,5071,entries/0438-0543.md,entry-0539
مدرک,مدرک,466,مدرک,entry_heading,,4328,entries/0438-0543.md,entry-0466
مدرک متقابل,مدرک متقابل,467,مدرک متقابل,entry_heading,,4340,entries/0438-0543.md,entry-0467
مدفوع,مدفوع,302,مدفوع,entry_heading,,2915,entries/0302-0437.md,entry-0302
مدیر . رهبر 690#,مدیر . رهبر 690#,690,مدیر . رهبر 690#,entry_heading,,6531,entries/0651-0741.md,entry-0690
مدیریت,مدیریت,689,مدیریت,entry_heading,,6522,entries/0651-0741.md,entry-0689
مذکر,مذکر,372,مذکر,entry_heading,,3534,entries/0302-0437.md,entry-0372
مراسم مذهبی,مراسم مذهبی,988,مراسم مذهبی,entry_heading,,9335,entries/0970-0991.md,entry-0988
مراقبت . دقت,مراقبت . دقت,457,مراقبت . دقت,entry_heading,,4219,entries/0438-0543.md,entry-0457
مردم عادی (لاییک),مردم عادی (لاییک),987,مردم عادی (لاییک),entry_heading,,9330,entries/0970-0991.md,entry-0987
مردم‌گریزی,مردم‌گریزی,902,مردم‌گریزی,entry_heading,,8581,entries/0851-0969.md,entry-0902
مرکز,مرکز,225,مرکز,entry_heading,,2160,entries/0194-0301.md,entry-0225
مرگ,مرگ,361,مرگ,entry_heading,,3412,entries/0302-0437.md,entry-0361
مرگ‌ومیر,مرگ‌ومیر,168,مرگ‌ومیر,entry_heading,,1591,entries/0091-0193.md,entry-0168
مزه . چشایی,مزه . چشایی,386,مزه . چشایی,entry_heading,,3658,entries/0302-0437.md,entry-0386
مسافرت دریایی,مسافرت دریایی,269,مسافرت دریایی,entry_heading,,2593,entries/0194-0301.md,entry-0269
مسافرت زمینی,مسافرت زمینی,267,مسافرت زمینی,entry_heading,,2566,entries/0194-0301.md,entry-0267
مستی . اعتیاد,مستی . اعتیاد,949,مستی . اعتیاد,entry_heading,,8981,entries/0851-0969.md,entry-0949
مسخرگی,مسخرگی,849,مسخرگی,entry_heading,,8058,entries/0742-0850.md,entry-0849
مسهل,مسهل,302,مدفوع,source_bold,صفت,2920,entries/0302-0437.md,entry-0302
مشورت,مشورت,691,مشورت,entry_heading,,6538,entries/0651-0741.md,entry-0691
مشکلِ سخن 580#,مشکلِ سخن 580#,580,مشکلِ سخن 580#,entry_heading,,5402,entries/0544-0650.md,entry-0580
مشکل‌پسندی,مشکل‌پسندی,862,مشکل‌پسندی,entry_heading,,8184,entries/0851-0969.md,entry-0862
مصلحت,مصلحت,642,مصلحت,entry_heading,,6037,entries/0544-0650.md,entry-0642
مظروف,مظروف,193,مظروف,entry_heading,,1841,entries/0091-0193.md,entry-0193
معافیت,معافیت,919,معافیت,entry_heading,,8728,entries/0851-0969.md,entry-0919
معاون,معاون,755,معاون,entry_heading,,7167,entries/0742-0850.md,entry-0755
معبد,معبد,990,معبد,entry_heading,,9353,entries/0970-0991.md,entry-0990
معلول 157#,معلول 157#,157,معلول 157#,entry_heading,,1463,entries/0091-0193.md,entry-0157
معنویت 320#,معنویت 320#,320,معنویت 320#,entry_heading,,3076,entries/0302-0437.md,entry-0320
معنی,معنی,514,معنی,entry_heading,,4817,entries/0438-0543.md,entry-0514
مغایرت . دیگر بودن,مغایرت . دیگر بودن,14,مغایرت . دیگر بودن,entry_heading,,150,entries/0001-0090.md,entry-0014
مفاد,مفاد,766,مفاد,entry_heading,,7256,entries/0742-0850.md,entry-0766
مقایسه,مقایسه,462,مقایسه,entry_heading,,4283,entries/0438-0543.md,entry-0462
مقیم,مقیم,191,مقیم,entry_heading,,1808,entries/0091-0193.md,entry-0191
ملاحظات,ملاحظات,468,ملاحظات,entry_heading,,4347,entries/0438-0543.md,entry-0468
ملال . کسلی,ملال . کسلی,838,ملال . کسلی,entry_heading,,7955,entries/0742-0850.md,entry-0838
ملایمت . میانه‌روی,ملایمت . میانه‌روی,177,ملایمت . میانه‌روی,entry_heading,,1677,entries/0091-0193.md,entry-0177
ممنوعیت . قدغن,ممنوعیت . قدغن,757,ممنوعیت . قدغن,entry_heading,,7187,entries/0742-0850.md,entry-0757
مناقشه,مناقشه,709,مناقشه,entry_heading,,6701,entries/0651-0741.md,entry-0709
منحنی . ناهموار,منحنی . ناهموار,248,منحنی . ناهموار,entry_heading,,2373,entries/0194-0301.md,entry-0248
منزل: محل سکنا یا زندگی,منزل: محل سکنا یا زندگی,192,منزل: محل سکنا یا زندگی,entry_heading,,1814,entries/0091-0193.md,entry-0192
منطقه: فضای معین,منطقه: فضای معین,184,منطقه: فضای معین,entry_heading,,1745,entries/0091-0193.md,entry-0184
منع . ممانعت,منع . ممانعت,702,منع . ممانعت,entry_heading,,6636,entries/0651-0741.md,entry-0702
منقرض,منقرض,2,عدم (نیستی),source_bold,صفت,42,entries/0001-0090.md,entry-0002
مهارت,مهارت,694,مهارت,entry_heading,,6558,entries/0651-0741.md,entry-0694
مواد,مواد,631,مواد,entry_heading,,5938,entries/0544-0650.md,entry-0631
موجود,موجود,1,وجود (هستی),source_bold,صفت,29,entries/0001-0090.md,entry-0001
موجود نیست,موجود نیست,2,عدم (نیستی),source_bold,شبه جمله,48,entries/0001-0090.md,entry-0002
مورد غفلت واقع‌شده،,مورد غفلت واقع‌شده،,458,غفلت . بی‌دقتی,source_bold,صفت,4236,entries/0438-0543.md,entry-0458
موسیقی,موسیقی,412,موسیقی,entry_heading,,3831,entries/0302-0437.md,entry-0412
موسیقی‌دان,موسیقی‌دان,413,موسیقی‌دان,entry_heading,,3841,entries/0302-0437.md,entry-0413
موضوع,موضوع,452,موضوع,entry_heading,,4171,entries/0438-0543.md,entry-0452
موضوعات پرستش,موضوعات پرستش,966,موضوعات پرستش,entry_heading,,9149,entries/0851-0969.md,entry-0966
موفقیت,موفقیت,727,موفقیت,entry_heading,,6898,entries/0651-0741.md,entry-0727
موقعیت,موقعیت,186,موقعیت,entry_heading,,1758,entries/0091-0193.md,entry-0186
مُد,مُد,848,مُد,entry_heading,,8049,entries/0742-0850.md,entry-0848
میان,میان,231,میان,entry_heading,,2238,entries/0194-0301.md,entry-0231
میانجی‌گری 720#,میانجی‌گری 720#,720,میانجی‌گری 720#,entry_heading,,6817,entries/0651-0741.md,entry-0720
میانحالی,میانحالی,732,میانحالی,entry_heading,,6949,entries/0651-0741.md,entry-0732
میانگین 30#,میانگین 30#,30,میانگین 30#,entry_heading,,300,entries/0001-0090.md,entry-0030
میدان,میدان,724,میدان,entry_heading,,6870,entries/0651-0741.md,entry-0724
میعان . گدازش,میعان . گدازش,337,میعان . گدازش,entry_heading,,3224,entries/0302-0437.md,entry-0337
میل,میل,859,میل,entry_heading,,8153,entries/0851-0969.md,entry-0859
ناباوری . شک,ناباوری . شک,486,ناباوری . شک,entry_heading,,4537,entries/0438-0543.md,entry-0486
نابرابری,نابرابری,29,نابرابری,entry_heading,,294,entries/0001-0090.md,entry-0029
نابودی,نابودی,2,عدم (نیستی),source_bold,اسم,38,entries/0001-0090.md,entry-0002
ناتوانی,ناتوانی,161,ناتوانی,entry_heading,,1509,entries/0091-0193.md,entry-0161
ناحق . ناراستی,ناحق . ناراستی,914,ناحق . ناراستی,entry_heading,,8676,entries/0851-0969.md,entry-0914
نادان,نادان,501,نادان,entry_heading,,4675,entries/0438-0543.md,entry-0501
نادرستی 930#,نادرستی 930#,930,نادرستی 930#,entry_heading,,8843,entries/0851-0969.md,entry-0930
نارنجی,نارنجی,432,نارنجی,entry_heading,,3993,entries/0302-0437.md,entry-0432
ناسازگاری,ناسازگاری,25,ناسازگاری,entry_heading,,245,entries/0001-0090.md,entry-0025
ناقص . نقصان (کامل نبودن),ناقص . نقصان (کامل نبودن),55,ناقص . نقصان (کامل نبودن),entry_heading,,560,entries/0001-0090.md,entry-0055
نامرادی: برآورده نشدن انتظارات,نامرادی: برآورده نشدن انتظارات,509,نامرادی: برآورده نشدن انتظارات,entry_heading,,4759,entries/0438-0543.md,entry-0509
نامرد,نامرد,938,نامرد,entry_heading,,8906,entries/0851-0969.md,entry-0938
نامه‌نگاری,نامه‌نگاری,588,نامه‌نگاری,entry_heading,,5463,entries/0544-0650.md,entry-0588
نام‌گذاری,نام‌گذاری,561,نام‌گذاری,entry_heading,,5273,entries/0544-0650.md,entry-0561
ناهمگنی,ناهمگنی,17,ناهمگنی,entry_heading,,175,entries/0001-0090.md,entry-0017
ناو (کِشتی),ناو (کِشتی),275,ناو (کِشتی),entry_heading,,2651,entries/0194-0301.md,entry-0275
ناپاکی . آلودگی,ناپاکی . آلودگی,649,ناپاکی . آلودگی,entry_heading,,6104,entries/0544-0650.md,entry-0649
ناپدید,ناپدید,446,ناپدیدی,source_bold,صفت,4105,entries/0438-0543.md,entry-0446
ناپدید شدن,ناپدید شدن,446,ناپدیدی,source_bold,فعل,4106,entries/0438-0543.md,entry-0446
ناپدید کردن,ناپدید کردن,446,ناپدیدی,source_bold,فعل,4107,entries/0438-0543.md,entry-0446
ناپدیدی,ناپدیدی,446,ناپدیدی,entry_heading,,4103,entries/0438-0543.md,entry-0446
ناپدیدی,ناپدیدی,446,ناپدیدی,source_bold,اسم,4104,entries/0438-0543.md,entry-0446
ناپیدایی,ناپیدایی,444,ناپیدایی,entry_heading,,4082,entries/0438-0543.md,entry-0444
ناگوارایی,ناگوارایی,653,ناگوارایی,entry_heading,,6160,entries/0651-0741.md,entry-0653
نبودن,نبودن,2,عدم (نیستی),source_bold,فعل,43,entries/0001-0090.md,entry-0002
نجات,نجات,668,نجات,entry_heading,,6323,entries/0651-0741.md,entry-0668
نجبا,نجبا,868,نجبا,entry_heading,,8246,entries/0851-0969.md,entry-0868
ندا: صدای انسان,ندا: صدای انسان,577,ندا: صدای انسان,entry_heading,,5377,entries/0544-0650.md,entry-0577
نداشتن,نداشتن,2,عدم (نیستی),source_bold,فعل,47,entries/0001-0090.md,entry-0002
نرمش,نرمش,734,نرمش,entry_heading,,6977,entries/0651-0741.md,entry-0734
نرمی . انعطاف,نرمی . انعطاف,327,نرمی . انعطاف,entry_heading,,3156,entries/0302-0437.md,entry-0327
نزدیک شدن (تقرب),نزدیک شدن (تقرب),289,نزدیک شدن (تقرب),entry_heading,,2766,entries/0194-0301.md,entry-0289
نزدیکی 200#,نزدیکی 200#,200,نزدیکی 200#,entry_heading,,1930,entries/0194-0301.md,entry-0200
نسخه . کپی,نسخه . کپی,22,نسخه . کپی,entry_heading,,220,entries/0001-0090.md,entry-0022
نشان سلطنت,نشان سلطنت,743,نشان سلطنت,entry_heading,,7074,entries/0742-0850.md,entry-0743
نشر,نشر,528,نشر,entry_heading,,4970,entries/0438-0543.md,entry-0528
نظر مخالف,نظر مخالف,489,نظر مخالف,entry_heading,,4568,entries/0438-0543.md,entry-0489
نظر موافق,نظر موافق,488,نظر موافق,entry_heading,,4555,entries/0438-0543.md,entry-0488
نظم 60#,نظم 60#,60,نظم 60#,entry_heading,,608,entries/0001-0090.md,entry-0060
نفرت,نفرت,888,نفرت,entry_heading,,8446,entries/0851-0969.md,entry-0888
نفرین,نفرین,899,نفرین,entry_heading,,8552,entries/0851-0969.md,entry-0899
نفس‌پرستی,نفس‌پرستی,944,نفس‌پرستی,entry_heading,,8949,entries/0851-0969.md,entry-0944
نقاشی,نقاشی,553,نقاشی,entry_heading,,5213,entries/0544-0650.md,entry-0553
نقص: فقدان کمال,نقص: فقدان کمال,647,نقص: فقدان کمال,entry_heading,,6081,entries/0544-0650.md,entry-0647
نقل مکان . انتقال,نقل مکان . انتقال,188,نقل مکان . انتقال,entry_heading,,1776,entries/0091-0193.md,entry-0188
نمک‌نشناسی,نمک‌نشناسی,908,نمک‌نشناسی,entry_heading,,8626,entries/0851-0969.md,entry-0908
نهر . باران: آب درجریان 350#,نهر . باران: آب درجریان 350#,350,نهر . باران: آب درجریان 350#,entry_heading,,3311,entries/0302-0437.md,entry-0350
نهفتگی,نهفتگی,523,نهفتگی,entry_heading,,4907,entries/0438-0543.md,entry-0523
نوآوری,نوآوری,21,نوآوری,entry_heading,,212,entries/0001-0090.md,entry-0021
نوازش,نوازش,889,نوازش,entry_heading,,8459,entries/0851-0969.md,entry-0889
نوسان,نوسان,317,نوسان,entry_heading,,3038,entries/0302-0437.md,entry-0317
نومیدی,نومیدی,853,نومیدی,entry_heading,,8097,entries/0851-0969.md,entry-0853
نوکری,نوکری,879,نوکری,entry_heading,,8345,entries/0851-0969.md,entry-0879
نگارش,نگارش,586,نگارش,entry_heading,,5441,entries/0544-0650.md,entry-0586
نگهداری,نگهداری,778,نگهداری,entry_heading,,7377,entries/0742-0850.md,entry-0778
نگهداشت,نگهداشت,876,نگهداشت,entry_heading,,8322,entries/0851-0969.md,entry-0876
نیاز,نیاز,627,نیاز,entry_heading,,5898,entries/0544-0650.md,entry-0627
نیست انگاشتن,نیست انگاشتن,2,عدم (نیستی),source_bold,فعل,46,entries/0001-0090.md,entry-0002
نیست شدن,نیست شدن,2,عدم (نیستی),source_bold,فعل,44,entries/0001-0090.md,entry-0002
نیست کردن,نیست کردن,2,عدم (نیستی),source_bold,فعل,45,entries/0001-0090.md,entry-0002
نیمه‌شفاف,نیمه‌شفاف,424,نیمه‌شفاف,entry_heading,,3939,entries/0302-0437.md,entry-0424
نیکخواهی,نیکخواهی,897,نیکخواهی,entry_heading,,8529,entries/0851-0969.md,entry-0897
نیکوکار,نیکوکار,903,نیکوکار,entry_heading,,8587,entries/0851-0969.md,entry-0903
هرازگاه: بی‌نظمی در وقوع,هرازگاه: بی‌نظمی در وقوع,142,هرازگاه: بی‌نظمی در وقوع,entry_heading,,1310,entries/0091-0193.md,entry-0142
هرزه,هرزه,952,هرزه,entry_heading,,9016,entries/0851-0969.md,entry-0952
هرگز,هرگز,109,هرگز,entry_heading,,1028,entries/0091-0193.md,entry-0109
هشیاری (عدم مستی),هشیاری (عدم مستی),948,هشیاری (عدم مستی),entry_heading,,8974,entries/0851-0969.md,entry-0948
هماهنگی 710#,هماهنگی 710#,710,هماهنگی 710#,entry_heading,,6713,entries/0651-0741.md,entry-0710
همبستگی,همبستگی,12,همبستگی,entry_heading,,136,entries/0001-0090.md,entry-0012
همراهی,همراهی,89,همراهی,entry_heading,,901,entries/0001-0090.md,entry-0089
همزمانی,همزمانی,123,همزمانی,entry_heading,,1129,entries/0091-0193.md,entry-0123
همکار,همکار,707,همکار,entry_heading,,6681,entries/0651-0741.md,entry-0707
همکاری . تعاون,همکاری . تعاون,706,همکاری . تعاون,entry_heading,,6672,entries/0651-0741.md,entry-0706
همگرایی,همگرایی,293,همگرایی,entry_heading,,2792,entries/0194-0301.md,entry-0293
همگنی,همگنی,16,همگنی,entry_heading,,168,entries/0001-0090.md,entry-0016
هنرمند,هنرمند,556,هنرمند,entry_heading,,5233,entries/0544-0650.md,entry-0556
هوا 340#,هوا 340#,340,هوا 340#,entry_heading,,3245,entries/0302-0437.md,entry-0340
هوانوردی,هوانوردی,271,هوانوردی,entry_heading,,2607,entries/0194-0301.md,entry-0271
هواپیما,هواپیما,276,هواپیما,entry_heading,,2656,entries/0194-0301.md,entry-0276
هوش . فراست,هوش . فراست,498,هوش . فراست,entry_heading,,4652,entries/0438-0543.md,entry-0498
وارونگی,وارونگی,221,وارونگی,entry_heading,,2122,entries/0194-0301.md,entry-0221
واقعی,واقعی,1,وجود (هستی),source_bold,صفت,30,entries/0001-0090.md,entry-0001
واقعیت,واقعیت,1,وجود (هستی),source_bold,اسم,27,entries/0001-0090.md,entry-0001
واژه‌سازی 560#,واژه‌سازی 560#,560,واژه‌سازی 560#,entry_heading,,5264,entries/0544-0650.md,entry-0560
واژه‌های با هویت اسمی,واژه‌های با هویت اسمی,747,تحدید . خودداری,source_bold,صفت,7115,entries/0742-0850.md,entry-0747
واگرایی,واگرایی,294,واگرایی,entry_heading,,2798,entries/0194-0301.md,entry-0294
وجود,وجود,1,وجود (هستی),source_bold,اسم,26,entries/0001-0090.md,entry-0001
وجود (هستی),وجود (هستی),1,وجود (هستی),entry_heading,,25,entries/0001-0090.md,entry-0001
وجود حق,وجود حق,915,وجود حق,entry_heading,,8685,entries/0851-0969.md,entry-0915
وحدت,وحدت,88,وحدت,entry_heading,,890,entries/0001-0090.md,entry-0088
وحی . پیامبر,وحی . پیامبر,975,وحی . پیامبر,entry_heading,,9210,entries/0970-0991.md,entry-0975
ورطه . مهلکه: مایۀ خطر,ورطه . مهلکه: مایۀ خطر,663,ورطه . مهلکه: مایۀ خطر,entry_heading,,6285,entries/0651-0741.md,entry-0663
ورود,ورود,295,ورود,entry_heading,,2804,entries/0194-0301.md,entry-0295
وسط 70#,وسط 70#,70,وسط 70#,entry_heading,,709,entries/0001-0090.md,entry-0070
وسیله,وسیله,629,وسیله,entry_heading,,5914,entries/0544-0650.md,entry-0629
وسیله بودن,وسیله بودن,628,وسیله بودن,entry_heading,,5907,entries/0544-0650.md,entry-0628
وسیلۀ مجازات,وسیلۀ مجازات,964,وسیلۀ مجازات,entry_heading,,9123,entries/0851-0969.md,entry-0964
وسیلۀ نقلیه,وسیلۀ نقلیه,274,وسیلۀ نقلیه,entry_heading,,2637,entries/0194-0301.md,entry-0274
وظیفه,وظیفه,917,وظیفه,entry_heading,,8709,entries/0851-0969.md,entry-0917
وفور,وفور,637,وفور,entry_heading,,5987,entries/0544-0650.md,entry-0637
وقایع آتی,وقایع آتی,155,وقایع آتی,entry_heading,,1434,entries/0091-0193.md,entry-0155
ولایت . ولی,ولایت . ولی,169,ولایت . ولی,entry_heading,,1597,entries/0091-0193.md,entry-0169
ولخرجی,ولخرجی,815,ولخرجی,entry_heading,,7690,entries/0742-0850.md,entry-0815
ویژگی . خاص بودن 80#,ویژگی . خاص بودن 80#,80,ویژگی . خاص بودن 80#,entry_heading,,803,entries/0001-0090.md,entry-0080
پاتک . دفاع,پاتک . دفاع,713,پاتک . دفاع,entry_heading,,6740,entries/0651-0741.md,entry-0713
پاداش,پاداش,962,پاداش,entry_heading,,9098,entries/0851-0969.md,entry-0962
پاسخ 460#,پاسخ 460#,460,پاسخ 460#,entry_heading,,4263,entries/0438-0543.md,entry-0460
پافشاری 600#,پافشاری 600#,600,پافشاری 600#,entry_heading,,5620,entries/0544-0650.md,entry-0600
پاکیزگی,پاکیزگی,648,پاکیزگی,entry_heading,,6089,entries/0544-0650.md,entry-0648
پایان,پایان,69,پایان,entry_heading,,697,entries/0001-0090.md,entry-0069
پایداری (تغییرناپذیری),پایداری (تغییرناپذیری),153,پایداری (تغییرناپذیری),entry_heading,,1410,entries/0091-0193.md,entry-0153
پایه . تکیه‌گاه,پایه . تکیه‌گاه,218,پایه . تکیه‌گاه,entry_heading,,2086,entries/0194-0301.md,entry-0218
پدیداری . ظاهر,پدیداری . ظاهر,445,پدیداری . ظاهر,entry_heading,,4090,entries/0438-0543.md,entry-0445
پذیرش,پذیرش,299,پذیرش,entry_heading,,2847,entries/0194-0301.md,entry-0299
پرداخت,پرداخت,804,پرداخت,entry_heading,,7598,entries/0742-0850.md,entry-0804
پرستش,پرستش,981,پرستش,entry_heading,,9272,entries/0970-0991.md,entry-0981
پرسش,پرسش,459,پرسش,entry_heading,,4244,entries/0438-0543.md,entry-0459
پرش . جهش,پرش . جهش,312,پرش . جهش,entry_heading,,3000,entries/0302-0437.md,entry-0312
پرهیزگاری,پرهیزگاری,933,پرهیزگاری,entry_heading,,8868,entries/0851-0969.md,entry-0933
پسروی . پسرفت,پسروی . پسرفت,286,پسروی . پسرفت,entry_heading,,2742,entries/0194-0301.md,entry-0286
پس‌نشینی 280#,پس‌نشینی 280#,280,پس‌نشینی 280#,entry_heading,,2696,entries/0194-0301.md,entry-0280
پناهگاه,پناهگاه,662,پناهگاه,entry_heading,,6278,entries/0651-0741.md,entry-0662
پوزه,پوزه,365,حیوانات,source_bold,اسم,3469,entries/0302-0437.md,entry-0365
پوشاک . پوشیدن,پوشاک . پوشیدن,228,پوشاک . پوشیدن,entry_heading,,2194,entries/0194-0301.md,entry-0228
پوشش,پوشش,226,پوشش,entry_heading,,2167,entries/0194-0301.md,entry-0226
پول,پول,797,پول,entry_heading,,7539,entries/0742-0850.md,entry-0797
پَستی . پایین . زیر 210#,پَستی . پایین . زیر 210#,210,پَستی . پایین . زیر 210#,entry_heading,,2026,entries/0194-0301.md,entry-0210
پُرخوری,پُرخوری,947,پُرخوری,entry_heading,,8968,entries/0851-0969.md,entry-0947
پُرگویی,پُرگویی,581,پُرگویی,entry_heading,,5408,entries/0544-0650.md,entry-0581
پیامد,پیامد,67,پیامد,entry_heading,,676,entries/0001-0090.md,entry-0067
پیدایی,پیدایی,443,پیدایی,entry_heading,,4075,entries/0438-0543.md,entry-0443
پیر,پیر,133,پیر,entry_heading,,1227,entries/0091-0193.md,entry-0133
پیروی,پیروی,284,پیروی,entry_heading,,2726,entries/0194-0301.md,entry-0284
پیری . عمر,پیری . عمر,131,پیری . عمر,entry_heading,,1211,entries/0091-0193.md,entry-0131
پیشتازی,پیشتازی,283,پیشتازی,entry_heading,,2720,entries/0194-0301.md,entry-0283
پیشروی,پیشروی,285,پیشروی,entry_heading,,2734,entries/0194-0301.md,entry-0285
پیشوندها و پسوندهای مربوط به‌ظروف:,پیشوندها و پسوندهای مربوط به‌ظروف:,194,ظرف,source_bold,اسم,1847,entries/0194-0301.md,entry-0194
پیشینه,پیشینه,548,پیشینه,entry_heading,,5170,entries/0544-0650.md,entry-0548
پیش‌بینی . فال,پیش‌بینی . فال,511,پیش‌بینی . فال,entry_heading,,4773,entries/0438-0543.md,entry-0511
پیوند: وسیلۀ اتصال,پیوند: وسیلۀ اتصال,47,پیوند: وسیلۀ اتصال,entry_heading,,480,entries/0001-0090.md,entry-0047
پیچ‌وتاب : دایره‌ای بودن پیچیده,پیچ‌وتاب : دایره‌ای بودن پیچیده,251,پیچ‌وتاب : دایره‌ای بودن پیچیده,entry_heading,,2402,entries/0194-0301.md,entry-0251
پیگیری,پیگیری,619,پیگیری,entry_heading,,5818,entries/0544-0650.md,entry-0619
چارتا چارتا,چارتا چارتا,97,چهار‌برابری,source_bold,اسم,945,entries/0091-0193.md,entry-0097
چارپا،,چارپا،,97,چهار‌برابری,source_bold,اسم,945,entries/0091-0193.md,entry-0097
چاپ,چاپ,587,چاپ,entry_heading,,5453,entries/0544-0650.md,entry-0587
چاپلوسی,چاپلوسی,925,چاپلوسی,entry_heading,,8796,entries/0851-0969.md,entry-0925
چرخدار,چرخدار,274,وسیلۀ نقلیه,source_bold,صفت,2648,entries/0194-0301.md,entry-0274
چرخش,چرخش,315,چرخش,entry_heading,,3022,entries/0302-0437.md,entry-0315
چشم‌پوشی,چشم‌پوشی,621,چشم‌پوشی,entry_heading,,5837,entries/0544-0650.md,entry-0621
چندبرابری,چندبرابری,101,چندبرابری,entry_heading,,958,entries/0091-0193.md,entry-0101
چندگانگی 100#,چندگانگی 100#,100,چندگانگی 100#,entry_heading,,954,entries/0091-0193.md,entry-0100
چهارگانگی,چهارگانگی,96,چهارگانگی,entry_heading,,940,entries/0091-0193.md,entry-0096
چهار‌برابری,چهار‌برابری,97,چهار‌برابری,entry_heading,,944,entries/0091-0193.md,entry-0097
چپ,چپ,242,چپ,entry_heading,,2325,entries/0194-0301.md,entry-0242
چپ,چپ,242,چپ,source_bold,صفت,2327,entries/0194-0301.md,entry-0242
چپی,چپی,242,چپ,source_bold,صفت,2327,entries/0194-0301.md,entry-0242
کارگاه: محل کار,کارگاه: محل کار,687,کارگاه: محل کار,entry_heading,,6509,entries/0651-0741.md,entry-0687
کاستی . نارسایی . کسری (حرکت نیمه‌تمام) 307,کاستی . نارسایی . کسری (حرکت نیمه‌تمام) 307,307,کاستی . نارسایی . کسری (حرکت نیمه‌تمام) 307,entry_heading,,2958,entries/0302-0437.md,entry-0307
کامل 54#,کامل 54#,54,کامل 54#,entry_heading,,549,entries/0001-0090.md,entry-0054
کانال,کانال,351,کانال,entry_heading,,3323,entries/0302-0437.md,entry-0351
کانون: محل تلاقی یا تجمع,کانون: محل تلاقی یا تجمع,76,کانون: محل تلاقی یا تجمع,entry_heading,,766,entries/0001-0090.md,entry-0076
کانیها . معدن,کانیها . معدن,359,کانیها . معدن,entry_heading,,3395,entries/0302-0437.md,entry-0359
کاهش,کاهش,37,کاهش,entry_heading,,374,entries/0001-0090.md,entry-0037
کتاب,کتاب,589,کتاب,entry_heading,,5470,entries/0544-0650.md,entry-0589
کتمان,کتمان,525,کتمان,entry_heading,,4934,entries/0438-0543.md,entry-0525
کدر,کدر,423,کدر,entry_heading,,3934,entries/0302-0437.md,entry-0423
کره . کروی بودن,کره . کروی بودن,252,کره . کروی بودن,entry_heading,,2414,entries/0194-0301.md,entry-0252
کسر,کسر,102,کسر,entry_heading,,964,entries/0091-0193.md,entry-0102
کشاورزی 370#,کشاورزی 370#,370,کشاورزی 370#,entry_heading,,3512,entries/0302-0437.md,entry-0370
کشش,کشش,288,کشش,entry_heading,,2760,entries/0194-0301.md,entry-0288
کشش‌پذیری . فنر,کشش‌پذیری . فنر,328,کشش‌پذیری . فنر,entry_heading,,3164,entries/0302-0437.md,entry-0328
کشف,کشف,484,کشف,entry_heading,,4513,entries/0438-0543.md,entry-0484
کفایت,کفایت,635,کفایت,entry_heading,,5968,entries/0544-0650.md,entry-0635
کل - بخش اصلی,کل - بخش اصلی,52,کل - بخش اصلی,entry_heading,,524,entries/0001-0090.md,entry-0052
کلمه,کلمه,559,کلمه,entry_heading,,5257,entries/0544-0650.md,entry-0559
کمال,کمال,646,کمال,entry_heading,,6072,entries/0544-0650.md,entry-0646
کمک,کمک,703,کمک,entry_heading,,6649,entries/0651-0741.md,entry-0703
کمیت,کمیت,26,کمیت,entry_heading,,261,entries/0001-0090.md,entry-0026
کم‌حرفی,کم‌حرفی,582,کم‌حرفی,entry_heading,,5415,entries/0544-0650.md,entry-0582
کم‌سویی 440#,کم‌سویی 440#,440,کم‌سویی 440#,entry_heading,,4053,entries/0438-0543.md,entry-0440
کم‌عمقی,کم‌عمقی,212,کم‌عمقی,entry_heading,,2040,entries/0194-0301.md,entry-0212
کنار,کنار,239,کنار,entry_heading,,2305,entries/0194-0301.md,entry-0239
کناره,کناره,234,کناره,entry_heading,,2265,entries/0194-0301.md,entry-0234
کنجکاوی: میل به‌دانش,کنجکاوی: میل به‌دانش,453,کنجکاوی: میل به‌دانش,entry_heading,,4182,entries/0438-0543.md,entry-0453
کنده‌کاری,کنده‌کاری,555,کنده‌کاری,entry_heading,,5226,entries/0544-0650.md,entry-0555
کهتری,کهتری,35,کهتری,entry_heading,,355,entries/0001-0090.md,entry-0035
کهنگی,کهنگی,127,کهنگی,entry_heading,,1172,entries/0091-0193.md,entry-0127
کوبش,کوبش,279,کوبش,entry_heading,,2681,entries/0194-0301.md,entry-0279
کوتاهی,کوتاهی,204,کوتاهی,entry_heading,,1969,entries/0194-0301.md,entry-0204
کوری,کوری,439,کوری,entry_heading,,4046,entries/0438-0543.md,entry-0439
کوچکی,کوچکی,33,کوچکی,entry_heading,,333,entries/0001-0090.md,entry-0033
کَری,کَری,416,کَری,entry_heading,,3869,entries/0302-0437.md,entry-0416
کُشتن,کُشتن,362,کُشتن,entry_heading,,3424,entries/0302-0437.md,entry-0362
کُندی,کُندی,257,کُندی,entry_heading,,2463,entries/0194-0301.md,entry-0257
کیهان,کیهان,321,کیهان,entry_heading,,3084,entries/0302-0437.md,entry-0321
گاز,گاز,336,گاز,entry_heading,,3218,entries/0302-0437.md,entry-0336
گذر 305#,گذر 305#,305,گذر 305#,entry_heading,,2941,entries/0302-0437.md,entry-0305
گذشته,گذشته,125,گذشته,entry_heading,,1146,entries/0091-0193.md,entry-0125
گرانی,گرانی,811,گرانی,entry_heading,,7658,entries/0742-0850.md,entry-0811
گرایش,گرایش,179,گرایش,entry_heading,,1696,entries/0091-0193.md,entry-0179
گرما,گرما,379,گرما,entry_heading,,3599,entries/0302-0437.md,entry-0379
گرمایش,گرمایش,381,گرمایش,entry_heading,,3619,entries/0302-0437.md,entry-0381
گرم‌کننده: کوره، بخاری,گرم‌کننده: کوره، بخاری,383,گرم‌کننده: کوره، بخاری,entry_heading,,3643,entries/0302-0437.md,entry-0383
گروه اجتماعی,گروه اجتماعی,708,گروه اجتماعی,entry_heading,,6687,entries/0651-0741.md,entry-0708
گرگ و میش,گرگ و میش,419,گرگ و میش,entry_heading,,3898,entries/0302-0437.md,entry-0419
گزیدن,گزیدن,256,تیزی 256#,source_bold,فعل,2459,entries/0194-0301.md,entry-0256
گستاخی,گستاخی,878,گستاخی,entry_heading,,8337,entries/0851-0969.md,entry-0878
گناهکاری . مجرمیت,گناهکاری . مجرمیت,936,گناهکاری . مجرمیت,entry_heading,,8895,entries/0851-0969.md,entry-0936
گوارایی,گوارایی,652,گوارایی,entry_heading,,6152,entries/0651-0741.md,entry-0652
گَرد . پودر,گَرد . پودر,332,گَرد . پودر,entry_heading,,3188,entries/0302-0437.md,entry-0332
گیاهان,گیاهان,366,گیاهان,entry_heading,,3473,entries/0302-0437.md,entry-0366
گیاه‌شناسی,گیاه‌شناسی,368,گیاه‌شناسی,entry_heading,,3495,entries/0302-0437.md,entry-0368
یادگیری,یادگیری,536,یادگیری,entry_heading,,5049,entries/0438-0543.md,entry-0536
یرقان,یرقان,433,زرد,source_bold,اسم,3997,entries/0302-0437.md,entry-0433
یکسانی . همانی,یکسانی . همانی,13,یکسانی . همانی,entry_heading,,142,entries/0001-0090.md,entry-0013
یک‌دوم,یک‌دوم,92,یک‌دوم,entry_heading,,922,entries/0091-0193.md,entry-0092
یک‌سوم,یک‌سوم,95,یک‌سوم,entry_heading,,937,entries/0091-0193.md,entry-0095
یک‌چهارم,یک‌چهارم,98,یک‌چهارم,entry_heading,,947,entries/0091-0193.md,entry-0098
▲,▲,167,زادوولد,source_bold,صفت,1586,entries/0091-0193.md,entry-0167
▲,▲,208,رشته . لیف,source_bold,اسم,2004,entries/0194-0301.md,entry-0208
▼,▼,776,مالک,source_bold,اسم,7360,entries/0742-0850.md,entry-0776
▼,▼,777,دارایی . مِلک 777#,source_bold,اسم,7366,entries/0742-0850.md,entry-0777
▼,▼,784,اعطای وام . قرض دادن,source_bold,اسم,7433,entries/0742-0850.md,entry-0784
▼,▼,788,دزدی,source_bold,اسم,7475,entries/0742-0850.md,entry-0788
▼,▼,789,دزد,source_bold,اسم,7488,entries/0742-0850.md,entry-0789
▼,▼,988,مراسم مذهبی,source_bold,اسم,9336,entries/0970-0991.md,entry-0988
