letter,shard,file,first_normalized_headword,last_normalized_headword,records,bytes
A,A-01.md,dictionary/A/A-01.md,a a,absinth,230,249612
A,A-02.md,dictionary/A/A-02.md,absinthe,adage,260,250369
A,A-03.md,dictionary/A/A-03.md,adagio,afterbirth,259,249502
A,A-04.md,dictionary/A/A-04.md,aftercare,allocate,270,249887
A,A-05.md,dictionary/A/A-05.md,allocution,andes,265,249922
A,A-06.md,dictionary/A/A-06.md,andiron,apostle,267,249670
A,A-07.md,dictionary/A/A-07.md,apostolic,armorer,263,249792
A,A-08.md,dictionary/A/A-08.md,armory,astringency,248,250351
A,A-09.md,dictionary/A/A-09.md,astringent,avoirdupois,264,249665
A,A-10.md,dictionary/A/A-10.md,avow,azote,46,45529
B,B-01.md,dictionary/B/B-01.md,b and b,banker,262,250329
B,B-02.md,dictionary/B/B-02.md,banker's order,be as ric,252,248340
B,B-03.md,dictionary/B/B-03.md,be at,beatify,203,249613
B,B-04.md,dictionary/B/B-04.md,beatnik,bereavement,263,250117
B,B-05.md,dictionary/B/B-05.md,beret,bird-lime,263,249649
B,B-06.md,dictionary/B/B-06.md,bird-nesting,bloodlesst'bladlis,259,250223
B,B-07.md,dictionary/B/B-07.md,bloodlust,booking office,262,249888
B,B-08.md,dictionary/B/B-08.md,bookish,brazen-faced,264,249735
B,B-09.md,dictionary/B/B-09.md,brazenly,brusquely,249,249813
B,B-10.md,dictionary/B/B-10.md,brusqueness,butt,253,250258
B,B-11.md,dictionary/B/B-11.md,butter,byzantium,55,55965
C,C-01.md,dictionary/C/C-01.md,c and w,cancer,267,250198
C,C-02.md,dictionary/C/C-02.md,cancerous,cart,261,250197
C,C-03.md,dictionary/C/C-03.md,cart-horse,celestial globe,263,249799
C,C-04.md,dictionary/C/C-04.md,celestial sphere,chateaux,252,249487
C,C-05.md,dictionary/C/C-05.md,chattel,christmas day,258,249563
C,C-06.md,dictionary/C/C-06.md,christmas eve,claviclei'klaeviki,258,249526
C,C-07.md,dictionary/C/C-07.md,claw,coal miner,247,249891
C,C-08.md,dictionary/C/C-08.md,coal oil,coloring,267,249796
C,C-09.md,dictionary/C/C-09.md,colorless,compatibility,237,250020
C,C-10.md,dictionary/C/C-10.md,compatible,confinement,246,249819
C,C-11.md,dictionary/C/C-11.md,confines,containerization,245,250164
C,C-12.md,dictionary/C/C-12.md,containerize,copyholder,250,250321
C,C-13.md,dictionary/C/C-13.md,copyist,counter',257,248974
C,C-14.md,dictionary/C/C-14.md,counter-,crazy i'krem,256,250361
C,C-15.md,dictionary/C/C-15.md,crazy-paving,cruciform,251,249918
C,C-16.md,dictionary/C/C-16.md,crucify,cutthroat,250,249342
C,C-17.md,dictionary/C/C-17.md,cutthroat razor,czechoslovakian,93,83129
D,D-01.md,dictionary/D/D-01.md,d and c,de-ice,267,250353
D,D-02.md,dictionary/D/D-02.md,de-icer,deep-mined,255,250356
D,D-03.md,dictionary/D/D-03.md,deep-mining,denominational,257,250128
D,D-04.md,dictionary/D/D-04.md,denominator,detestably,253,250216
D,D-05.md,dictionary/D/D-05.md,detestation,dimityt'dimit,254,249516
D,D-06.md,dictionary/D/D-06.md,dimly,dishearten,248,249736
D,D-07.md,dictionary/D/D-07.md,disheartened,divider,242,249797
D,D-08.md,dictionary/D/D-08.md,dividing line,doughnut,254,250318
D,D-09.md,dictionary/D/D-09.md,doughty,dromedary,234,250014
D,D-10.md,dictionary/D/D-10.md,drone,dyslexic,257,250004
D,D-11.md,dictionary/D/D-11.md,dyspepsia,dystrophy,3,2901
E,E-01.md,dictionary/E/E-01.md,e j,eighth,254,250044
E,E-02.md,dictionary/E/E-02.md,eighthly,employment exchange,254,250289
E,E-03.md,dictionary/E/E-03.md,emporia,entry form,244,249597
E,E-04.md,dictionary/E/E-04.md,entry visa,euphorbla,269,249455
E,E-05.md,dictionary/E/E-05.md,euphoric,exorcise,235,249594
E,E-06.md,dictionary/E/E-06.md,exorcism,eyry,213,216835
F,F-01.md,dictionary/F/F-01.md,f tried hard and finally,fascinatingly,230,249846
F,F-02.md,dictionary/F/F-02.md,fascination,feverishly,246,250214
F,F-03.md,dictionary/F/F-03.md,few,firedog,239,249604
F,F-04.md,dictionary/F/F-04.md,firefly,fleshy,248,249507
F,F-05.md,dictionary/F/F-05.md,fleur-de-lis,follower,237,249012
F,F-06.md,dictionary/F/F-06.md,following,foster-sister,244,248755
F,F-07.md,dictionary/F/F-07.md,fought,frill,255,249826
F,F-08.md,dictionary/F/F-08.md,frilled,fuzzinesst'fazims,252,249760
F,F-09.md,dictionary/F/F-09.md,fuzzy,fuzzy-headed,2,2005
G,G-01.md,dictionary/G/G-01.md,g ht certificate,gear shift,257,249870
G,G-02.md,dictionary/G/G-02.md,gear stick,giblets,257,249572
G,G-03.md,dictionary/G/G-03.md,giddily,gluey,229,250098
G,G-04.md,dictionary/G/G-04.md,glum,gr,240,249613
G,G-05.md,dictionary/G/G-05.md,grab,gristly,256,250183
G,G-06.md,dictionary/G/G-06.md,grit,gyroscopic,232,224074
H,H-01.md,dictionary/H/H-01.md,h-bomb,hank,265,249499
H,H-02.md,dictionary/H/H-02.md,hanker,have a lead of ten feet,231,249245
H,H-03.md,dictionary/H/H-03.md,have a low opinion of sb,heaviside layer,222,248109
H,H-04.md,dictionary/H/H-04.md,heavy,high-flying,267,249666
H,H-05.md,dictionary/H/H-05.md,high-frequency,home stretch,243,249616
H,H-06.md,dictionary/H/H-06.md,home team,housebroken,266,250271
H,H-07.md,dictionary/H/H-07.md,housecraft,hypotheses,259,250051
H,H-08.md,dictionary/H/H-08.md,hypothesis,hz,10,9401
I,I-01.md,dictionary/I/I-01.md,i - teen,illuminated,246,250057
I,I-02.md,dictionary/I/I-02.md,illuminating,imputation,256,250264
I,I-03.md,dictionary/I/I-03.md,impute,increment,237,249346
I,I-04.md,dictionary/I/I-04.md,incriminate,inferiority complex,256,250052
I,I-05.md,dictionary/I/I-05.md,infernal,insinuation,257,249843
I,I-06.md,dictionary/I/I-06.md,insipid,intervene,246,249313
I,I-07.md,dictionary/I/I-07.md,intervening,irrigate,258,249630
I,I-08.md,dictionary/I/I-08.md,irritability,iwmd,106,112989
J,J-01.md,dictionary/J/J-01.md,j gonorrhea,joust,265,250211
J,J-02.md,dictionary/J/J-02.md,jove,juxtapose,119,119170
K,K-01.md,dictionary/K/K-01.md,kabob,knightly,251,249820
K,K-02.md,dictionary/K/K-02.md,knit sth out of,kybosh,101,103103
L,L-01.md,dictionary/L/L-01.md,l shortcrust pastry,latent,264,249635
L,L-02.md,dictionary/L/L-02.md,later,leftism,242,249934
L,L-03.md,dictionary/L/L-03.md,leftist,life-size,247,249906
L,L-04.md,dictionary/L/L-04.md,lifebelt,llqht-headedness,247,250079
L,L-05.md,dictionary/L/L-05.md,llqht-mindednesa,lounge-suit,232,249844
L,L-06.md,dictionary/L/L-06.md,loupee,lysol,202,199416
M,M-01.md,dictionary/M/M-01.md,ma,malignantly,243,250121
M,M-02.md,dictionary/M/M-02.md,malignity,massiveness,242,250274
M,M-03.md,dictionary/M/M-03.md,mastectomy,meekly,234,248522
M,M-04.md,dictionary/M/M-04.md,meekness,middle america,246,249797
M,M-05.md,dictionary/M/M-05.md,middle c,mismanagement,241,250179
M,M-06.md,dictionary/M/M-06.md,mismatch,moral,244,249885
M,M-07.md,dictionary/M/M-07.md,moral support,murderous,237,250146
M,M-08.md,dictionary/M/M-08.md,murderously,mystique,102,100867
N,N-01.md,dictionary/N/N-01.md,n't int,new,229,249290
N,N-02.md,dictionary/N/N-02.md,new age,not be far off,241,249386
N,N-03.md,dictionary/N/N-03.md,not by a long chalk,nymphet lmm'fct,144,155125
O,O-01.md,dictionary/O/O-01.md,o',ointment,233,250290
O,O-02.md,dictionary/O/O-02.md,okra,ordinance,230,249920
O,O-03.md,dictionary/O/O-03.md,ordinarily,overdoes,235,248790
O,O-04.md,dictionary/O/O-04.md,overdone,ozone-friendly,125,133629
P,P-01.md,dictionary/P/P-01.md,p and o,pardon,245,250056
P,P-02.md,dictionary/P/P-02.md,pardonable,pea-green,232,250361
P,P-03.md,dictionary/P/P-03.md,pea-souper,periphrases,248,249921
P,P-04.md,dictionary/P/P-04.md,periphrasis,phrenologist,251,249779
P,P-05.md,dictionary/P/P-05.md,phrenology,place a premium on sb,238,250347
P,P-06.md,dictionary/P/P-06.md,place one's faith,pointlessness,239,249773
P,P-07.md,dictionary/P/P-07.md,pointsman,postbox,250,249329
P,P-08.md,dictionary/P/P-08.md,postcode,preordainment,240,249768
P,P-09.md,dictionary/P/P-09.md,preordination,procurementlpra'kjuamant,236,249737
P,P-10.md,dictionary/P/P-10.md,procurer,provisionally,229,249573
P,P-11.md,dictionary/P/P-11.md,proviso,push-up l'puf ap,239,249878
P,P-12.md,dictionary/P/P-12.md,pushcart,pyx,87,99481
Q,Q-01.md,dictionary/Q/Q-01.md,qlorified,qwerty,139,143037
R,R-01.md,dictionary/R/R-01.md,r'allaby,re-lay,231,249314
R,R-02.md,dictionary/R/R-02.md,reach a,redid,222,249441
R,R-03.md,dictionary/R/R-03.md,redirect,remembrance sunday,229,249960
R,R-04.md,dictionary/R/R-04.md,remind,resoluteness,229,249750
R,R-05.md,dictionary/R/R-05.md,resolution,ribaldryi'nbldn,232,249737
R,R-06.md,dictionary/R/R-06.md,riband,roman nose,237,249890
R,R-07.md,dictionary/R/R-07.md,roman numerals,rustily,222,249375
R,R-08.md,dictionary/R/R-08.md,rustle,rye grass,12,12647
S,S-01.md,dictionary/S/S-01.md,s e'ii,saving,243,249934
S,S-02.md,dictionary/S/S-02.md,saving grace,scrounger,227,249958
S,S-03.md,dictionary/S/S-03.md,scrub,self-consciousness,247,250350
S,S-04.md,dictionary/S/S-04.md,self-contradictory,set square,240,250345
S,S-05.md,dictionary/S/S-05.md,set sth,shipowner,234,250133
S,S-06.md,dictionary/S/S-06.md,shipper,signaf,234,250193
S,S-07.md,dictionary/S/S-07.md,signal,skirmisher,248,250155
S,S-08.md,dictionary/S/S-08.md,skirmishing,smattering,252,249966
S,S-09.md,dictionary/S/S-09.md,smear,sofa bed,246,249170
S,S-10.md,dictionary/S/S-10.md,soft,soya bean,251,250385
S,S-11.md,dictionary/S/S-11.md,soya sauce,split,257,250120
S,S-12.md,dictionary/S/S-12.md,split ends,stackistrek,238,250150
S,S-13.md,dictionary/S/S-13.md,stadia,sterilization,228,250057
S,S-14.md,dictionary/S/S-14.md,sterling area,stratum,242,250208
S,S-15.md,dictionary/S/S-15.md,straw,subscriber,237,250294
S,S-16.md,dictionary/S/S-16.md,subscription,superiority complex,256,249892
S,S-17.md,dictionary/S/S-17.md,superlative,swiss german,235,249515
S,S-18.md,dictionary/S/S-18.md,swiss roll,systernatlcalty,129,121131
T,T-01.md,dictionary/T/T-01.md,t'other,tarot,245,249553
T,T-02.md,dictionary/T/T-02.md,tarpaulin,template,259,249685
T,T-03.md,dictionary/T/T-03.md,temporal,the moving spirit,244,249705
T,T-04.md,dictionary/T/T-04.md,the multiplication sign,thrlven,221,249071
T,T-05.md,dictionary/T/T-05.md,throat,tltle-paqevuou perds,246,249720
T,T-06.md,dictionary/T/T-06.md,tluorescent,town house,239,250224
T,T-07.md,dictionary/T/T-07.md,town planner,treacly,257,249685
T,T-08.md,dictionary/T/T-08.md,tread,tue,249,249634
T,T-09.md,dictionary/T/T-09.md,tues,tzarina,235,225069
U,U-01.md,dictionary/U/U-01.md,u'nusable,ungratefully i xn'grertfolt,212,249789
U,U-02.md,dictionary/U/U-02.md,unhandian'hrend,unwonted,223,249909
U,U-03.md,dictionary/U/U-03.md,unworkable,uxorious,133,146902
V,V-01.md,dictionary/V/V-01.md,v and a,vibrant,260,250147
V,V-02.md,dictionary/V/V-02.md,vibraphone,voracity,259,249812
V,V-03.md,dictionary/V/V-03.md,vortex,vyetting,39,39118
W,W-01.md,dictionary/W/W-01.md,wac,water-meadow,238,249868
W,W-02.md,dictionary/W/W-02.md,water-power,whaling,254,249603
W,W-03.md,dictionary/W/W-03.md,wham,willful,238,250137
W,W-04.md,dictionary/W/W-04.md,willfully,woodworm,244,249818
W,W-05.md,dictionary/W/W-05.md,woody,wyvern,198,208731
X,X-01.md,dictionary/X/X-01.md,x chromosome,xvii,17,15629
Y,Y-01.md,dictionary/Y/Y-01.md,y-fronts,ywca,114,120909
Z,Z-01.md,dictionary/Z/Z-01.md,zaire,zygote,48,49651
OTHER,OTHER-01.md,dictionary/OTHER/OTHER-01.md,-worthy,-worthy,1,1251
