initial,file,rows,first_term,last_term,bytes
(,index/terms/U0028-01.csv,26,(آفتاب,(☹تحقیرآمیز:) زنک,3215
),index/terms/U0029-01.csv,14,) اجردهنده,) ◄ تندوتیز,1409
-,index/terms/U002D-01.csv,25,---تا,-یه,2388
1,index/terms/U0031-01.csv,1,166 [نزدیکی کردن,166 [نزدیکی کردن,216
2,index/terms/U0032-01.csv,1,2: [شخص موجز:] کم‌حرف,2: [شخص موجز:] کم‌حرف,219
<,index/terms/U003C-01.csv,11,< روز جهانی کودک>,<واقع‌گرایی>,1299
[,index/terms/U005B-01.csv,187,[616 شامل بدیهای محیط و دنیای خارج از فرد است. در مورد صفات بد انسانی به 645 رجوع شود.],[◄پاک کردن 648],25151
],index/terms/U005D-01.csv,1,] مخروطی‌شکل,] مخروطی‌شکل,211
{,index/terms/U007B-01.csv,8,{انواع منسوج و پارچه:},{گردهم آوردن اجزا و تشکیل کل یا ارگانیسم},1446
|,index/terms/U007C-01.csv,3,|قد.| اختر,|قد.| کارستان,423
~,index/terms/U007E-01.csv,18,~ بلندمدت,~نرم,1897
آ,index/terms/U0622-01.csv,2017,آ,آغاز کار,203666
آ,index/terms/U0622-02.csv,1319,آغاز کار,آی‌یودی,132081
أ,index/terms/U0623-01.csv,1,أسف,أسف,164
ئ,index/terms/U0626-01.csv,7,ئیدرو,ئیدروکربنهای حلقوی,950
ا,index/terms/U0627-01.csv,2021,ائتلاف,ارث,203549
ا,index/terms/U0627-02.csv,1936,ارث بردن,اشتباهی,205511
ا,index/terms/U0627-03.csv,2010,اشتباهی,القای الکترومغناطیسی,203708
ا,index/terms/U0627-04.csv,2010,القای شبهه (شبهات) کردن,اوان,203755
ا,index/terms/U0627-05.csv,878,اوان,ای‌کاش,87614
ب,index/terms/U0628-01.csv,2018,ب.ث.ژ,بتخانه,203588
ب,index/terms/U0628-02.csv,2015,بته,بزرگی,203720
ب,index/terms/U0628-03.csv,1905,بزرگی,به‌هم بسته,206245
ب,index/terms/U0628-04.csv,1957,به‌هم تابیدن,بی‌شرمی,205055
ب,index/terms/U0628-05.csv,577,بی‌شعور,بی┄ (بی‌دست),61820
ت,index/terms/U062A-01.csv,2022,تأثر,ترتیب,203500
ت,index/terms/U062A-02.csv,2015,ترتیب صعودی,تقریر,203631
ت,index/terms/U062A-03.csv,2063,تقریر کردن,تیر انداختن,202611
ت,index/terms/U062A-04.csv,174,تیر انداختن,تی‌شرت,16499
ث,index/terms/U062B-01.csv,169,ثابت,ثور,16785
ج,index/terms/U062C-01.csv,2022,جا,جی‌پی‌اس,198230
ح,index/terms/U062D-01.csv,1662,حائل,حی‌حاضر,164556
خ,index/terms/U062E-01.csv,2077,خائف,خودرأیی,202212
خ,index/terms/U062E-02.csv,692,خودرأیی,خیکی کامل,68631
د,index/terms/U062F-01.csv,1982,د,دست بالا گرفتن,204495
د,index/terms/U062F-02.csv,2008,دست برداشتن,دگرآزاری,203887
د,index/terms/U062F-03.csv,362,دگراندیشی,دی‌وی‌دی,36515
ذ,index/terms/U0630-01.csv,163,ذائقه,ذی‌شعور بودن,15195
ر,index/terms/U0631-01.csv,2082,رآکتور هسته‌ای,روستایی,202103
ر,index/terms/U0631-02.csv,569,روستایی,رییس قوۀ قضاییه,55313
ز,index/terms/U0632-01.csv,1237,زئوس,زیگورات,121041
س,index/terms/U0633-01.csv,2026,سؤال‌برانگیز,سرگشته,203386
س,index/terms/U0633-02.csv,1861,سرگشته,سی‌کی‌دی,180032
ش,index/terms/U0634-01.csv,2100,ش اخطار! مواظب باشید! باش! مواظب باش! مراقبت کن! مواظبت کن! آهای! الامان! نگاه کن!,شیرجه رفتن,201668
ش,index/terms/U0634-02.csv,178,شیرجه رفتن,شیک‌پوش,17168
ص,index/terms/U0635-01.csv,870,صابر,صیقلی‌کننده,86241
ض,index/terms/U0636-01.csv,331,ضابطه,ضیافت,31832
ط,index/terms/U0637-01.csv,607,طاب‌ثراه,طی‌شونده,58613
ظ,index/terms/U0638-01.csv,173,ظالم,ظُهر,16341
ع,index/terms/U0639-01.csv,2069,عائله,عمل,202437
ع,index/terms/U0639-02.csv,553,عمل,عیّوق,53189
غ,index/terms/U063A-01.csv,1069,غائله,غیور,105910
ف,index/terms/U0641-01.csv,2050,فئودال,فک,202930
ف,index/terms/U0641-02.csv,125,فک,فی‌سبیل‌الله,12262
ق,index/terms/U0642-01.csv,1760,ق / [شبه جمله] ساکت! هیس!,قیچی),173130
ل,index/terms/U0644-01.csv,997,لؤلؤ,لی‌آوت,94540
م,index/terms/U0645-01.csv,2039,مآخذ,متقلب,203089
م,index/terms/U0645-02.csv,2053,متقلب,مدرسه‌ای,202856
م,index/terms/U0645-03.csv,2079,مدرسه‌ای,مشمول,202229
م,index/terms/U0645-04.csv,2102,مشمول,ملال,201607
م,index/terms/U0645-05.csv,2045,ملالت,موقعیت ناگوار (دشوار),203036
م,index/terms/U0645-06.csv,795,موقعیت نسبی,می‌خواره,76874
ن,index/terms/U0646-01.csv,2020,نئون,نخودفرنگی,203595
ن,index/terms/U0646-02.csv,2076,نخودهرآش,نکولکننده,202292
ن,index/terms/U0646-03.csv,522,نکونام,نی‌نی,52841
ه,index/terms/U0647-01.csv,1543,هاتف,هیکلی,151283
و,index/terms/U0648-01.csv,1800,و [شبه جمله] مرسی,وی‌سی‌دی,180830
ُ,index/terms/U064F-01.csv,1,ُپرحرف,ُپرحرف,169
پ,index/terms/U067E-01.csv,2029,پا,پشت‌بند,203361
پ,index/terms/U067E-02.csv,1712,پشت‌دار,پی‌گرفتن,168319
چ,index/terms/U0686-01.csv,1131,چابک,چیپ,114378
ژ,index/terms/U0698-01.csv,72,ژ3,ژیگولو,6658
ک,index/terms/U06A9-01.csv,2055,کأن‌لم‌یکن دانستن,کمربند ایمنی,202758
ک,index/terms/U06A9-02.csv,1177,کمربند خشک,کی‌بورد,115656
گ,index/terms/U06AF-01.csv,1699,گاباردین,گیگا,165651
ی,index/terms/U06CC-01.csv,700,یأس,ییلاق‌قشلاق,67768
‌,index/terms/U200C-01.csv,32,‌ [◄ حواس 374],‌گذرگاه,3551
∊,index/terms/U220A-01.csv,1,∊ نوع انسان,∊ نوع انسان,211
∼,index/terms/U223C-01.csv,2,∼ شنی,∼ واریس,272
≠,index/terms/U2260-01.csv,38,≠ آسان بودن,≠معافیت,4348
┄,index/terms/U2504-01.csv,1,┄بان,┄بان,173
✑,index/terms/U2711-01.csv,1,✑ شقاق,✑ شقاق,195
