headword,normalized_headword,base_normalized_headword,aliases,record_id,record_type,verification_status,boundary_confidence,part,pdf_page,printed_page,file,anchor,source_pointer,entry_text_available
Zaire,zaire,zaire,[],hz-038717,entry_candidate,raw_ocr,high,8,1956,,dictionary/Z/Z-01.md,hz-038717-zaire,sources/Hezareh_Dictionary_Index/source/Hezareh_Part_08_PDF_1751-1976.md#L24346-L24377,True
zappy,zappy,zappy,[],hz-038734,entry_candidate,raw_ocr,high,8,1957,,dictionary/Z/Z-01.md,hz-038734-zappy,sources/Hezareh_Dictionary_Index/source/Hezareh_Part_08_PDF_1751-1976.md#L24414-L24416,True
zeal,zeal,zeal,[],hz-038718,entry_candidate,raw_ocr,low,8,1957,,dictionary/Z/Z-01.md,hz-038718-zeal,sources/Hezareh_Dictionary_Index/source/Hezareh_Part_08_PDF_1751-1976.md#L24417-L24418,True
zealot,zealot,zealot,[],hz-038719,entry_candidate,raw_ocr,medium,8,1957,,dictionary/Z/Z-01.md,hz-038719-zealot,sources/Hezareh_Dictionary_Index/source/Hezareh_Part_08_PDF_1751-1976.md#L24419-L24420,True
zealotry,zealotry,zealotry,[],hz-038720,entry_candidate,raw_ocr,medium,8,1957,,dictionary/Z/Z-01.md,hz-038720-zealotry,sources/Hezareh_Dictionary_Index/source/Hezareh_Part_08_PDF_1751-1976.md#L24421-L24422,True
zealOUS,zealous,zealous,[],hz-038721,entry_candidate,raw_ocr,medium,8,1957,,dictionary/Z/Z-01.md,hz-038721-zealous,sources/Hezareh_Dictionary_Index/source/Hezareh_Part_08_PDF_1751-1976.md#L24423-L24425,True
zealously,zealously,zealously,[],hz-038722,entry_candidate,raw_ocr,medium,8,1957,,dictionary/Z/Z-01.md,hz-038722-zealously,sources/Hezareh_Dictionary_Index/source/Hezareh_Part_08_PDF_1751-1976.md#L24426-L24427,True
zebra,zebra,zebra,[],hz-038723,entry_candidate,raw_ocr,high,8,1957,,dictionary/Z/Z-01.md,hz-038723-zebra,sources/Hezareh_Dictionary_Index/source/Hezareh_Part_08_PDF_1751-1976.md#L24428-L24429,True
zebra crossing,zebra crossing,zebra crossing,[],hz-038724,entry_candidate,raw_ocr,low,8,1957,,dictionary/Z/Z-01.md,hz-038724-zebra-crossing,sources/Hezareh_Dictionary_Index/source/Hezareh_Part_08_PDF_1751-1976.md#L24430-L24431,True
zed,zed,zed,[],hz-038725,entry_candidate,raw_ocr,medium,8,1957,,dictionary/Z/Z-01.md,hz-038725-zed,sources/Hezareh_Dictionary_Index/source/Hezareh_Part_08_PDF_1751-1976.md#L24432-L24433,True
Zeitgeist,zeitgeist,zeitgeist,[],hz-038726,entry_candidate,raw_ocr,medium,8,1957,,dictionary/Z/Z-01.md,hz-038726-zeitgeist,sources/Hezareh_Dictionary_Index/source/Hezareh_Part_08_PDF_1751-1976.md#L24434-L24434,True
Zen,zen,zen,[],hz-038727,entry_candidate,raw_ocr,high,8,1957,,dictionary/Z/Z-01.md,hz-038727-zen,sources/Hezareh_Dictionary_Index/source/Hezareh_Part_08_PDF_1751-1976.md#L24435-L24435,True
zenith,zenith,zenith,[],hz-038728,entry_candidate,raw_ocr,high,8,1957,,dictionary/Z/Z-01.md,hz-038728-zenith,sources/Hezareh_Dictionary_Index/source/Hezareh_Part_08_PDF_1751-1976.md#L24436-L24450,True
Zeppelin ',zeppelin ',zeppelin ',[],hz-038735,entry_candidate,raw_ocr,hint_only,8,1957,,dictionary/Z/Z-01.md,hz-038735-zeppelin,sources/Hezareh_Dictionary_Index/source/Hezareh_Part_08_PDF_1751-1976.md#L24405-L24405,False
zero,zero,zero,[],hz-009455,entry_candidate,raw_ocr,high,2,388,,dictionary/Z/Z-01.md,hz-009455-zero,sources/Hezareh_Dictionary_Index/source/Hezareh_Part_02_PDF_0251-0500.md#L16541-L16543,True
zero,zero,zero,[],hz-038729,entry_candidate,raw_ocr,high,8,1957,,dictionary/Z/Z-01.md,hz-038729-zero,sources/Hezareh_Dictionary_Index/source/Hezareh_Part_08_PDF_1751-1976.md#L24460-L24513,True
zero growth,zero growth,zero growth,[],hz-038730,entry_candidate,raw_ocr,medium,8,1957,,dictionary/Z/Z-01.md,hz-038730-zero-growth,sources/Hezareh_Dictionary_Index/source/Hezareh_Part_08_PDF_1751-1976.md#L24451-L24454,True
zero inflation,zero inflation,zero inflation,[],hz-038731,entry_candidate,raw_ocr,medium,8,1957,,dictionary/Z/Z-01.md,hz-038731-zero-inflation,sources/Hezareh_Dictionary_Index/source/Hezareh_Part_08_PDF_1751-1976.md#L24455-L24456,True
zero option,zero option,zero option,[],hz-038732,entry_candidate,raw_ocr,medium,8,1957,,dictionary/Z/Z-01.md,hz-038732-zero-option,sources/Hezareh_Dictionary_Index/source/Hezareh_Part_08_PDF_1751-1976.md#L24457-L24459,True
zero population growth,zero population growth,zero population growth,[],hz-038733,entry_candidate,raw_ocr,high,8,1957,,dictionary/Z/Z-01.md,hz-038733-zero-population-growth,sources/Hezareh_Dictionary_Index/source/Hezareh_Part_08_PDF_1751-1976.md#L24460-L24513,True
zippy,zippy,zippy,[],hz-038736,entry_candidate,raw_ocr,high,8,1958,,dictionary/Z/Z-01.md,hz-038736-zippy,sources/Hezareh_Dictionary_Index/source/Hezareh_Part_08_PDF_1751-1976.md#L24528-L24533,True
zircon,zircon,zircon,[],hz-038737,entry_candidate,raw_ocr,medium,8,1958,,dictionary/Z/Z-01.md,hz-038737-zircon,sources/Hezareh_Dictionary_Index/source/Hezareh_Part_08_PDF_1751-1976.md#L24534-L24535,True
zit,zit,zit,[],hz-038738,entry_candidate,raw_ocr,medium,8,1958,,dictionary/Z/Z-01.md,hz-038738-zit,sources/Hezareh_Dictionary_Index/source/Hezareh_Part_08_PDF_1751-1976.md#L24536-L24537,True
zither,zither,zither,[],hz-038739,entry_candidate,raw_ocr,high,8,1958,,dictionary/Z/Z-01.md,hz-038739-zither,sources/Hezareh_Dictionary_Index/source/Hezareh_Part_08_PDF_1751-1976.md#L24538-L24539,True
zodiac,zodiac,zodiac,[],hz-038740,entry_candidate,raw_ocr,high,8,1958,,dictionary/Z/Z-01.md,hz-038740-zodiac,sources/Hezareh_Dictionary_Index/source/Hezareh_Part_08_PDF_1751-1976.md#L24540-L24545,True
zodiacal,zodiacal,zodiacal,[],hz-038741,entry_candidate,raw_ocr,high,8,1958,,dictionary/Z/Z-01.md,hz-038741-zodiacal,sources/Hezareh_Dictionary_Index/source/Hezareh_Part_08_PDF_1751-1976.md#L24546-L24549,True
zombie,zombie,zombie,[],hz-038742,entry_candidate,raw_ocr,medium,8,1958,,dictionary/Z/Z-01.md,hz-038742-zombie,sources/Hezareh_Dictionary_Index/source/Hezareh_Part_08_PDF_1751-1976.md#L24550-L24553,True
zonal,zonal,zonal,[],hz-038743,entry_candidate,raw_ocr,low,8,1958,,dictionary/Z/Z-01.md,hz-038743-zonal,sources/Hezareh_Dictionary_Index/source/Hezareh_Part_08_PDF_1751-1976.md#L24554-L24557,True
zone,zone,zone,[],hz-038744,entry_candidate,raw_ocr,medium,8,1958,,dictionary/Z/Z-01.md,hz-038744-zone,sources/Hezareh_Dictionary_Index/source/Hezareh_Part_08_PDF_1751-1976.md#L24558-L24565,True
zoning,zoning,zoning,[],hz-038745,entry_candidate,raw_ocr,hint_only,8,1958,,dictionary/Z/Z-01.md,hz-038745-zoning,sources/Hezareh_Dictionary_Index/source/Hezareh_Part_08_PDF_1751-1976.md#L24517-L24517,False
zonked,zonked,zonked,[],hz-038746,entry_candidate,raw_ocr,high,8,1958,,dictionary/Z/Z-01.md,hz-038746-zonked,sources/Hezareh_Dictionary_Index/source/Hezareh_Part_08_PDF_1751-1976.md#L24566-L24577,True
ZOO,zoo,zoo,[],hz-038747,entry_candidate,raw_ocr,hint_only,8,1958,,dictionary/Z/Z-01.md,hz-038747-zoo,sources/Hezareh_Dictionary_Index/source/Hezareh_Part_08_PDF_1751-1976.md#L24517-L24517,False
zoo-keeper,zoo-keeper,zoo-keeper,[],hz-038748,entry_candidate,raw_ocr,hint_only,8,1958,,dictionary/Z/Z-01.md,hz-038748-zoo-keeper,sources/Hezareh_Dictionary_Index/source/Hezareh_Part_08_PDF_1751-1976.md#L24517-L24517,False
zoological,zoological,zoological,[],hz-038749,entry_candidate,raw_ocr,high,8,1958,,dictionary/Z/Z-01.md,hz-038749-zoological,sources/Hezareh_Dictionary_Index/source/Hezareh_Part_08_PDF_1751-1976.md#L24578-L24581,True
zoological gardens,zoological gardens,zoological gardens,[],hz-038750,entry_candidate,raw_ocr,high,8,1958,,dictionary/Z/Z-01.md,hz-038750-zoological-gardens,sources/Hezareh_Dictionary_Index/source/Hezareh_Part_08_PDF_1751-1976.md#L24582-L24585,True
zoologically,zoologically,zoologically,[],hz-038751,entry_candidate,raw_ocr,high,8,1958,,dictionary/Z/Z-01.md,hz-038751-zoologically,sources/Hezareh_Dictionary_Index/source/Hezareh_Part_08_PDF_1751-1976.md#L24586-L24596,True
zoologist,zoologist,zoologist,[],hz-038752,entry_candidate,raw_ocr,high,8,1958,,dictionary/Z/Z-01.md,hz-038752-zoologist,sources/Hezareh_Dictionary_Index/source/Hezareh_Part_08_PDF_1751-1976.md#L24599-L24600,True
zoology,zoology,zoology,[],hz-038753,entry_candidate,raw_ocr,medium,8,1958,,dictionary/Z/Z-01.md,hz-038753-zoology,sources/Hezareh_Dictionary_Index/source/Hezareh_Part_08_PDF_1751-1976.md#L24601-L24626,True
zoom,zoom,zoom,[],hz-038754,entry_candidate,raw_ocr,hint_only,8,1958,,dictionary/Z/Z-01.md,hz-038754-zoom,sources/Hezareh_Dictionary_Index/source/Hezareh_Part_08_PDF_1751-1976.md#L24517-L24517,False
zoom lens,zoom lens,zoom lens,[],hz-038755,entry_candidate,raw_ocr,hint_only,8,1958,,dictionary/Z/Z-01.md,hz-038755-zoom-lens,sources/Hezareh_Dictionary_Index/source/Hezareh_Part_08_PDF_1751-1976.md#L24517-L24517,False
zoot suit,zoot suit,zoot suit,[],hz-038756,entry_candidate,raw_ocr,hint_only,8,1958,,dictionary/Z/Z-01.md,hz-038756-zoot-suit,sources/Hezareh_Dictionary_Index/source/Hezareh_Part_08_PDF_1751-1976.md#L24517-L24517,False
Zoroaster,zoroaster,zoroaster,[],hz-038757,entry_candidate,raw_ocr,high,8,1958,,dictionary/Z/Z-01.md,hz-038757-zoroaster,sources/Hezareh_Dictionary_Index/source/Hezareh_Part_08_PDF_1751-1976.md#L24627-L24636,True
zucchini,zucchini,zucchini,[],hz-038758,entry_candidate,raw_ocr,high,8,1958,,dictionary/Z/Z-01.md,hz-038758-zucchini,sources/Hezareh_Dictionary_Index/source/Hezareh_Part_08_PDF_1751-1976.md#L24637-L24648,True
zwieback,zwieback,zwieback,[],hz-038759,entry_candidate,raw_ocr,hint_only,8,1958,,dictionary/Z/Z-01.md,hz-038759-zwieback,sources/Hezareh_Dictionary_Index/source/Hezareh_Part_08_PDF_1751-1976.md#L24517-L24517,False
zygoma,zygoma,zygoma,[],hz-038760,entry_candidate,raw_ocr,medium,8,1958,,dictionary/Z/Z-01.md,hz-038760-zygoma,sources/Hezareh_Dictionary_Index/source/Hezareh_Part_08_PDF_1751-1976.md#L24649-L24652,True
zygomata,zygomata,zygomata,[],hz-038761,entry_candidate,raw_ocr,medium,8,1958,,dictionary/Z/Z-01.md,hz-038761-zygomata,sources/Hezareh_Dictionary_Index/source/Hezareh_Part_08_PDF_1751-1976.md#L24653-L24654,True
zygomatic,zygomatic,zygomatic,[],hz-038762,entry_candidate,raw_ocr,high,8,1958,,dictionary/Z/Z-01.md,hz-038762-zygomatic,sources/Hezareh_Dictionary_Index/source/Hezareh_Part_08_PDF_1751-1976.md#L24655-L24665,True
zygote,zygote,zygote,[],hz-038763,entry_candidate,raw_ocr,high,8,1958,,dictionary/Z/Z-01.md,hz-038763-zygote,sources/Hezareh_Dictionary_Index/source/Hezareh_Part_08_PDF_1751-1976.md#L24597-L24598,True
