term,normalized_term,entry_id,entry_heading,pos_context,docx_paragraph,file,anchor
≠ آسان بودن,≠ آسان بودن,44,سادگی,فعل,437,entries/0001-0090.md,entry-0044
≠ اجاره دادن,≠ اجاره دادن,785,استقراض,فعل,7448,entries/0742-0850.md,entry-0785
≠ اختصاصی,≠ اختصاصی,773,مالکیت,صفت,7334,entries/0742-0850.md,entry-0773
≠ ادراک,≠ ادراک,203,درازی (طول),اسم,1958,entries/0194-0301.md,entry-0203
≠ استثنائاً,≠ استثنائاً,57,بیرون گذاشتن,قید,585,entries/0001-0090.md,entry-0057
≠ استقبال,≠ استقبال,295,ورود,اسم,2805,entries/0194-0301.md,entry-0295
≠ استقراض,≠ استقراض,784,اعطای وام . قرض دادن,اسم,7433,entries/0742-0850.md,entry-0784
≠ اعطای وام,≠ اعطای وام,785,استقراض,اسم,7444,entries/0742-0850.md,entry-0785
≠ انصراف ◄ چشم‌پوشی,≠ انصراف ◄ چشم‌پوشی,613,بازداشتن,اسم,5755,entries/0544-0650.md,entry-0613
≠ بافتن,≠ بافتن,208,رشته . لیف,فعل,2008,entries/0194-0301.md,entry-0208
≠ بهره‌دهی,≠ بهره‌دهی,675,سوءاستفاده,اسم,6396,entries/0651-0741.md,entry-0675
≠ تجدید نظر,≠ تجدید نظر,438,دید . بینایی,اسم,4032,entries/0438-0543.md,entry-0438
≠ تشبیه کردن,≠ تشبیه کردن,18,تشابه,اسم,182,entries/0001-0090.md,entry-0018
≠ جداسازی,≠ جداسازی,294,واگرایی,اسم,2799,entries/0194-0301.md,entry-0294
≠ جمع‌بندی,≠ جمع‌بندی,38,جمع,اسم,384,entries/0001-0090.md,entry-0038
≠ راه ورودی,≠ راه ورودی,298,صدور: حرکت به‌بیرون 298#,اسم,2839,entries/0194-0301.md,entry-0298
≠ سایه ◄ تاریکی,≠ سایه ◄ تاریکی,226,پوشش,اسم,2171,entries/0194-0301.md,entry-0226
≠ سهل‌الحصول,≠ سهل‌الحصول,728,شکست: عجز درانجام,صفت,6918,entries/0651-0741.md,entry-0728
≠ غافل کردن,≠ غافل کردن,458,غفلت . بی‌دقتی,فعل,4239,entries/0438-0543.md,entry-0458
≠ قابل توجه,≠ قابل توجه,455,توجه,اسم,4196,entries/0438-0543.md,entry-0455
≠ قاعده 81],≠ قاعده 81],57,بیرون گذاشتن,اسم,578,entries/0001-0090.md,entry-0057
≠ قالی,≠ قالی,844,تزیین,اسم,8013,entries/0742-0850.md,entry-0844
≠ مفاد,≠ مفاد,8,شرایط: وضعیت نسبی,اسم,93,entries/0001-0090.md,entry-0008
≠ مقارن,≠ مقارن,245,تقارن,صفت,2352,entries/0194-0301.md,entry-0245
≠ موصوف,≠ موصوف,773,مالکیت,صفت,7335,entries/0742-0850.md,entry-0773
≠ موصوف,≠ موصوف,777,دارایی . مِلک 777#,صفت,7371,entries/0742-0850.md,entry-0777
≠ میکروفن,≠ میکروفن,400,صدای بلند 400#,اسم,3756,entries/0302-0437.md,entry-0400
≠ همبازی ◄ رفیق,≠ همبازی ◄ رفیق,705,رقیب,اسم,6670,entries/0651-0741.md,entry-0705
≠ واجد بودن,≠ واجد بودن,777,دارایی . مِلک 777#,فعل,7372,entries/0742-0850.md,entry-0777
≠ وام دادن,≠ وام دادن,785,استقراض,فعل,7447,entries/0742-0850.md,entry-0785
≠ وام گرفتن,≠ وام گرفتن,784,اعطای وام . قرض دادن,فعل,7438,entries/0742-0850.md,entry-0784
≠ وام‌دهنده,≠ وام‌دهنده,785,استقراض,صفت,7446,entries/0742-0850.md,entry-0785
≠ پایین‌آمده,≠ پایین‌آمده,311,تنزل: پایین آوردن,صفت,2992,entries/0302-0437.md,entry-0311
≠ کرایه کردن,≠ کرایه کردن,784,اعطای وام . قرض دادن,فعل,7439,entries/0742-0850.md,entry-0784
≠ گوینده,≠ گوینده,415,شنوایی,اسم,3861,entries/0302-0437.md,entry-0415
≠ یعنی [توضیح معنا],≠ یعنی [توضیح معنا],80,ویژگی . خاص بودن 80#,قید,815,entries/0001-0090.md,entry-0080
≠حریف ◄ رقیب,≠حریف ◄ رقیب,880,دوستی 880#,اسم,8360,entries/0851-0969.md,entry-0880
≠معافیت,≠معافیت,607,ردّ . عدم انتخاب,اسم,5687,entries/0544-0650.md,entry-0607
