headword,normalized_headword,entry_id,file,anchor,source_character_issue
z,z,50119,dictionary/Z/Z-01.md,entry-50119-z,false
zachariah,zachariah,50120,dictionary/Z/Z-01.md,entry-50120-zachariah,false
zalo,zalo,50121,dictionary/Z/Z-01.md,entry-50121-zalo,false
zamia,zamia,50122,dictionary/Z/Z-01.md,entry-50122-zamia,false
zamindar,zamindar,50123,dictionary/Z/Z-01.md,entry-50123-zamindar,false
zany,zany,50124,dictionary/Z/Z-01.md,entry-50124-zany,false
zeal,zeal,50125,dictionary/Z/Z-01.md,entry-50125-zeal,false
zealot,zealot,50126,dictionary/Z/Z-01.md,entry-50126-zealot,false
zealotry,zealotry,50127,dictionary/Z/Z-01.md,entry-50127-zealotry,false
zealous,zealous,50128,dictionary/Z/Z-01.md,entry-50128-zealous,false
zebra,zebra,50129,dictionary/Z/Z-01.md,entry-50129-zebra,false
zebu,zebu,50130,dictionary/Z/Z-01.md,entry-50130-zebu,false
zechariah,zechariah,50131,dictionary/Z/Z-01.md,entry-50131-zechariah,false
zed,zed,50132,dictionary/Z/Z-01.md,entry-50132-zed,false
zee,zee,50133,dictionary/Z/Z-01.md,entry-50133-zee,false
zeitgeist,zeitgeist,50134,dictionary/Z/Z-01.md,entry-50134-zeitgeist,false
zemindar,zemindar,50135,dictionary/Z/Z-01.md,entry-50135-zemindar,false
zen,zen,50136,dictionary/Z/Z-01.md,entry-50136-zen,false
zen buddhism,zen buddhism,50137,dictionary/Z/Z-01.md,entry-50137-zen-buddhism,false
zenith,zenith,50138,dictionary/Z/Z-01.md,entry-50138-zenith,false
zeolite,zeolite,50139,dictionary/Z/Z-01.md,entry-50139-zeolite,false
zephyr,zephyr,50140,dictionary/Z/Z-01.md,entry-50140-zephyr,false
zephyrus,zephyrus,50141,dictionary/Z/Z-01.md,entry-50141-zephyrus,false
zeppelin,zeppelin,50142,dictionary/Z/Z-01.md,entry-50142-zeppelin,false
zero,zero,50143,dictionary/Z/Z-01.md,entry-50143-zero,false
zero address,zero address,50144,dictionary/Z/Z-01.md,entry-50144-zero-address,false
zero fill,zero fill,50145,dictionary/Z/Z-01.md,entry-50145-zero-fill,false
zero hour,zero hour,50146,dictionary/Z/Z-01.md,entry-50146-zero-hour,false
zero level address,zero level address,50147,dictionary/Z/Z-01.md,entry-50147-zero-level-address,false
zero state,zero state,50148,dictionary/Z/Z-01.md,entry-50148-zero-state,false
zero suppression,zero suppression,50149,dictionary/Z/Z-01.md,entry-50149-zero-suppression,false
zest,zest,50150,dictionary/Z/Z-01.md,entry-50150-zest,false
zestful,zestful,50151,dictionary/Z/Z-01.md,entry-50151-zestful,false
zesty,zesty,50152,dictionary/Z/Z-01.md,entry-50152-zesty,false
zeugma,zeugma,50153,dictionary/Z/Z-01.md,entry-50153-zeugma,false
zeus,zeus,50154,dictionary/Z/Z-01.md,entry-50154-zeus,false
zibelline,zibelline,50155,dictionary/Z/Z-01.md,entry-50155-zibelline,false
zig,zig,50156,dictionary/Z/Z-01.md,entry-50156-zig,false
ziggurat,ziggurat,50157,dictionary/Z/Z-01.md,entry-50157-ziggurat,false
zigzag,zigzag,50158,dictionary/Z/Z-01.md,entry-50158-zigzag,false
zikkurat,zikkurat,50159,dictionary/Z/Z-01.md,entry-50159-zikkurat,false
zikyrat,zikyrat,50160,dictionary/Z/Z-01.md,entry-50160-zikyrat,false
zillion,zillion,50161,dictionary/Z/Z-01.md,entry-50161-zillion,false
zinc,zinc,50162,dictionary/Z/Z-01.md,entry-50162-zinc,false
zinc oxid,zinc oxid,50163,dictionary/Z/Z-01.md,entry-50163-zinc-oxid,false
zincky,zincky,50164,dictionary/Z/Z-01.md,entry-50164-zincky,false
zincography,zincography,50165,dictionary/Z/Z-01.md,entry-50165-zincography,false
zincoid,zincoid,50166,dictionary/Z/Z-01.md,entry-50166-zincoid,false
zincy,zincy,50167,dictionary/Z/Z-01.md,entry-50167-zincy,false
zing,zing,50168,dictionary/Z/Z-01.md,entry-50168-zing,false
zinjanthropus,zinjanthropus,50169,dictionary/Z/Z-01.md,entry-50169-zinjanthropus,false
zinky,zinky,50170,dictionary/Z/Z-01.md,entry-50170-zinky,false
zinnia,zinnia,50171,dictionary/Z/Z-01.md,entry-50171-zinnia,false
zion,zion,50172,dictionary/Z/Z-01.md,entry-50172-zion,false
zionism,zionism,50173,dictionary/Z/Z-01.md,entry-50173-zionism,false
zionist,zionist,50174,dictionary/Z/Z-01.md,entry-50174-zionist,false
zip,zip,50175,dictionary/Z/Z-01.md,entry-50175-zip,false
zip code,zip code,50176,dictionary/Z/Z-01.md,entry-50176-zip-code,false
zipgun,zipgun,50177,dictionary/Z/Z-01.md,entry-50177-zipgun,false
zipper,zipper,50178,dictionary/Z/Z-01.md,entry-50178-zipper,false
zippy,zippy,50179,dictionary/Z/Z-01.md,entry-50179-zippy,false
zither,zither,50180,dictionary/Z/Z-01.md,entry-50180-zither,false
zodiac,zodiac,50181,dictionary/Z/Z-01.md,entry-50181-zodiac,false
zodiacal,zodiacal,50182,dictionary/Z/Z-01.md,entry-50182-zodiacal,false
zodiacal light,zodiacal light,50183,dictionary/Z/Z-01.md,entry-50183-zodiacal-light,false
zoisite,zoisite,50184,dictionary/Z/Z-01.md,entry-50184-zoisite,false
zombi,zombi,50185,dictionary/Z/Z-01.md,entry-50185-zombi,false
zombie,zombie,50186,dictionary/Z/Z-01.md,entry-50186-zombie,false
zombiism,zombiism,50187,dictionary/Z/Z-01.md,entry-50187-zombiism,false
zonal,zonal,50188,dictionary/Z/Z-01.md,entry-50188-zonal,false
zonary,zonary,50189,dictionary/Z/Z-01.md,entry-50189-zonary,false
zonate,zonate,50190,dictionary/Z/Z-01.md,entry-50190-zonate,false
zonation,zonation,50191,dictionary/Z/Z-01.md,entry-50191-zonation,false
zone,zone,50192,dictionary/Z/Z-01.md,entry-50192-zone,false
zone bit,zone bit,50193,dictionary/Z/Z-01.md,entry-50193-zone-bit,false
zone punch,zone punch,50194,dictionary/Z/Z-01.md,entry-50194-zone-punch,false
zonular,zonular,50195,dictionary/Z/Z-01.md,entry-50195-zonular,false
zonule,zonule,50196,dictionary/Z/Z-01.md,entry-50196-zonule,false
zoo,zoo,50197,dictionary/Z/Z-01.md,entry-50197-zoo,false
zoo ecology,zoo ecology,50198,dictionary/Z/Z-01.md,entry-50198-zoo-ecology,false
zooflagellate,zooflagellate,50199,dictionary/Z/Z-01.md,entry-50199-zooflagellate,false
zoogamete,zoogamete,50200,dictionary/Z/Z-01.md,entry-50200-zoogamete,false
zoogenic,zoogenic,50201,dictionary/Z/Z-01.md,entry-50201-zoogenic,false
zoogenous,zoogenous,50202,dictionary/Z/Z-01.md,entry-50202-zoogenous,false
zoogeographer,zoogeographer,50203,dictionary/Z/Z-01.md,entry-50203-zoogeographer,false
zoogeographic,zoogeographic,50204,dictionary/Z/Z-01.md,entry-50204-zoogeographic,false
zoogeographical,zoogeographical,50205,dictionary/Z/Z-01.md,entry-50205-zoogeographical,false
zoogeography,zoogeography,50206,dictionary/Z/Z-01.md,entry-50206-zoogeography,false
zoographic,zoographic,50207,dictionary/Z/Z-01.md,entry-50207-zoographic,false
zoographical,zoographical,50208,dictionary/Z/Z-01.md,entry-50208-zoographical,false
zoography,zoography,50209,dictionary/Z/Z-01.md,entry-50209-zoography,false
zooid,zooid,50210,dictionary/Z/Z-01.md,entry-50210-zooid,false
zooks,zooks,50211,dictionary/Z/Z-01.md,entry-50211-zooks,false
zoolatry,zoolatry,50212,dictionary/Z/Z-01.md,entry-50212-zoolatry,false
zoological,zoological,50213,dictionary/Z/Z-01.md,entry-50213-zoological,false
zoological garden,zoological garden,50214,dictionary/Z/Z-01.md,entry-50214-zoological-garden,false
zoologist,zoologist,50215,dictionary/Z/Z-01.md,entry-50215-zoologist,false
zoology,zoology,50216,dictionary/Z/Z-01.md,entry-50216-zoology,false
zoom,zoom,50217,dictionary/Z/Z-01.md,entry-50217-zoom,false
zoom lens,zoom lens,50218,dictionary/Z/Z-01.md,entry-50218-zoom-lens,false
zoometry,zoometry,50219,dictionary/Z/Z-01.md,entry-50219-zoometry,false
zoomorphic,zoomorphic,50220,dictionary/Z/Z-01.md,entry-50220-zoomorphic,false
zoomorphism,zoomorphism,50221,dictionary/Z/Z-01.md,entry-50221-zoomorphism,false
zoon,zoon,50222,dictionary/Z/Z-01.md,entry-50222-zoon,false
zooparasite,zooparasite,50223,dictionary/Z/Z-01.md,entry-50223-zooparasite,false
zoophagous,zoophagous,50224,dictionary/Z/Z-01.md,entry-50224-zoophagous,false
zoophilic,zoophilic,50225,dictionary/Z/Z-01.md,entry-50225-zoophilic,false
zoophilous,zoophilous,50226,dictionary/Z/Z-01.md,entry-50226-zoophilous,false
zoophyte,zoophyte,50227,dictionary/Z/Z-01.md,entry-50227-zoophyte,false
zooplankton,zooplankton,50228,dictionary/Z/Z-01.md,entry-50228-zooplankton,false
zoospore,zoospore,50229,dictionary/Z/Z-01.md,entry-50229-zoospore,false
zootechnical,zootechnical,50230,dictionary/Z/Z-01.md,entry-50230-zootechnical,false
zootechnician,zootechnician,50231,dictionary/Z/Z-01.md,entry-50231-zootechnician,false
zootechnics,zootechnics,50232,dictionary/Z/Z-01.md,entry-50232-zootechnics,false
zootechny,zootechny,50233,dictionary/Z/Z-01.md,entry-50233-zootechny,false
zootomy,zootomy,50234,dictionary/Z/Z-01.md,entry-50234-zootomy,false
zoroaster,zoroaster,50235,dictionary/Z/Z-01.md,entry-50235-zoroaster,false
zoroastrian,zoroastrian,50236,dictionary/Z/Z-01.md,entry-50236-zoroastrian,false
zouave,zouave,50237,dictionary/Z/Z-01.md,entry-50237-zouave,false
zounds,zounds,50238,dictionary/Z/Z-01.md,entry-50238-zounds,false
zoysia,zoysia,50239,dictionary/Z/Z-01.md,entry-50239-zoysia,false
zucchetto,zucchetto,50240,dictionary/Z/Z-01.md,entry-50240-zucchetto,false
zucchini,zucchini,50241,dictionary/Z/Z-01.md,entry-50241-zucchini,false
zulu,zulu,50242,dictionary/Z/Z-01.md,entry-50242-zulu,false
zwieback,zwieback,50243,dictionary/Z/Z-01.md,entry-50243-zwieback,false
zygoma,zygoma,50244,dictionary/Z/Z-01.md,entry-50244-zygoma,false
zygomatic,zygomatic,50245,dictionary/Z/Z-01.md,entry-50245-zygomatic,false
zygomorphic,zygomorphic,50246,dictionary/Z/Z-01.md,entry-50246-zygomorphic,false
zygose,zygose,50247,dictionary/Z/Z-01.md,entry-50247-zygose,false
zygosis,zygosis,50248,dictionary/Z/Z-01.md,entry-50248-zygosis,false
zygosity,zygosity,50249,dictionary/Z/Z-01.md,entry-50249-zygosity,false
zygote,zygote,50250,dictionary/Z/Z-01.md,entry-50250-zygote,false
zygotic,zygotic,50251,dictionary/Z/Z-01.md,entry-50251-zygotic,false
zymogenic,zymogenic,50252,dictionary/Z/Z-01.md,entry-50252-zymogenic,false
zymology,zymology,50253,dictionary/Z/Z-01.md,entry-50253-zymology,false
zymoplastic,zymoplastic,50254,dictionary/Z/Z-01.md,entry-50254-zymoplastic,false
zymoscope,zymoscope,50255,dictionary/Z/Z-01.md,entry-50255-zymoscope,false
zymosis,zymosis,50256,dictionary/Z/Z-01.md,entry-50256-zymosis,false
zymosthenic,zymosthenic,50257,dictionary/Z/Z-01.md,entry-50257-zymosthenic,false
zymotic,zymotic,50258,dictionary/Z/Z-01.md,entry-50258-zymotic,false
zymurgy,zymurgy,50259,dictionary/Z/Z-01.md,entry-50259-zymurgy,false
