headword,normalized_headword,pdf_page,printed_page,letter,verification_status,entry_type,notes
آباد / آبادان,آباد آبادان,13,1,آ,page_verified,article,""
آبان / آبان,آبان,13,1,آ,page_verified,article,"displayed forms differ by pronunciation/diacritics in print"
آبیده / آباده,آبیده آباده,14,2,آ,page_verified,article,""
آبگیر,آبگیر,14,2,آ,page_verified,cross_reference,"points to حوزه / حوضه / آبگیر"
آتش گشودن,آتش گشودن,14,2,آ,page_verified,article,""
آتی,آتی,15,3,آ,page_verified,cross_reference,"points to آینده"
آج / عاج,آج عاج,15,3,آ,page_verified,article,""
آجل,آجل,15,3,آ,page_verified,cross_reference,"points to عاجل / آجل"
آخر / آخور,آخر آخور,15,3,آ,page_verified,article,""
آدم / آدمها,آدم آدمها,15,3,آ,page_verified,article,"continues on PDF p.16"
آذوقه,آذوقه,17,5,آ,page_verified,cross_reference,"points to آزوفه / آذوقه"
آرایه / پیرایه,آرایه پیرایه,17,5,آ,page_verified,article,""
آزاد / آزاده,آزاد آزاده,17,5,آ,page_verified,article,"continues on PDF p.18"
آذر,آذر,18,6,آ,page_verified,cross_reference,"points to آذر / آذار / آذر heading on preceding page; exact diacritic distinction remains separately unresolved"
آزمایشات,آزمایشات,18,6,آ,page_verified,article,""
آزوفه / آذوقه,آزوفه آذوقه,18,6,آ,page_verified,article,""
آستان / آستانه,آستان آستانه,18,6,آ,page_verified,article,""
آسمان / آسمانه,آسمان آسمانه,19,7,آ,page_verified,article,""
آسیا / آسیاب,آسیا آسیاب,19,7,آ,page_verified,article,""
آشکار / آشکارا / آشکاره,آشکار آشکارا آشکاره,19,7,آ,page_verified,article,""
آشیان / آشیانه,آشیان آشیانه,19,7,آ,page_verified,article,""
آفریقا,آفریقا,20,8,آ,page_verified,cross_reference,"points to افریقا"
آگاه از / آگاهی به,آگاه از آگاهی به,20,8,آ,page_verified,article,""
آمریکا,آمریکا,20,8,آ,page_verified,cross_reference,"points to امریکا"
آموختن,آموختن,20,8,آ,page_verified,article,"continues onto PDF p.21"
آنچه / آنچه که,آنچه آنچه که,21,9,آ,page_verified,article,""
آن را / تو را,آن را تو را,21,9,آ,page_verified,article,""
