source_index_pdf_page,source_index_printed_page,column,first_candidate,last_candidate,row_count,high_rows,medium_rows,low_rows
449,437,1,آبادان,آدم,15,12,3,0
449,437,2,آذاری,آر ابه,22,18,3,1
449,437,3,آشکارا,آوازه خوان,19,17,1,1
450,438,1,آینده,اجاره و استجاره,30,13,11,6
450,438,2,اجاره و استیجار,اراجیف,27,26,1,0
450,438,3,اراده,ارتجاع,31,23,3,5
451,439,1,از US,استکبار,28,23,1,4
451,439,2,استمداد ۲۵-۲۳ اشا,اشقیا,58,1,27,30
451,439,3,شکال,عنی,26,24,1,1
452,440,1,اعور,SI چنانکه,29,20,2,7
452,440,2,الاهه YA,الله ۳۸-۳۷,30,23,6,1
452,440,3,امیال,انضحار FV,29,1,22,6
453,441,1,FY آنعام,اينك,33,8,14,11
453,441,2,اینها ۱۳۸ rae,باغات,48,1,18,29
453,441,3,نهرست راهنما,۸,25,13,2,10
454,442,1,بدعتگزار,بریدن,30,26,3,1
454,442,2,بزحمت,بنیادگزار VF,26,19,2,5
454,442,3,بنیان,به دست,26,20,1,5
455,443,1,به شگفت آوردن,بیش از بیش,28,6,18,4
455,443,2,بیشتر,بشکل,34,7,25,2
455,443,3,بودن ool,یر,34,19,7,8
456,444,1,فهرست راهنم,تراز,30,23,5,2
456,444,2,ترازنامه,تطابق فعل‌وفاعل,28,27,1,0
456,444,3,تعصب,۱۱۲ تلفنی,30,24,6,0
457,445,1,تلقی شدن به‌عنوان,تنقید,28,28,0,0
457,445,2,تنگه,نمر,28,11,17,0
457,445,3,"Lal, فهرست",بامه‌دان,29,16,7,6
458,446,1,حدی,جمع ضمایر جمع,28,21,3,4
458,446,2,جمع Jab,جایی,30,20,9,1
458,446,3,چرانه,چیزی در حدود,30,18,11,1
459,447,1,حاولی,حرف,25,23,1,1
459,447,2,حرف اضافه محذوف,حوا,30,22,6,2
459,447,3,"Lal, فهرست",باصه,31,10,18,3
460,448,1,خالصه,خر,29,25,1,3
460,448,2,۶,۰ خسبیدن,33,24,6,3
460,448,3,خصیله,خواست,27,26,1,0
461,449,1,خواسته,خودکفا,29,22,4,3
461,449,2,داوطلبین ۱۸۵-۱۸۴ در,در gh» گذاشتن,53,2,22,29
461,449,3,ر رابطه با,ست به,31,17,6,8
462,450,1,دکتری,ده (آمر فعل «دادن»),33,18,6,9
462,450,2,دهقان,دیه | ن],28,19,4,5
462,450,3,«را» یس از فاعل,رضا,27,26,0,1
463,451,1,رضایت,روزنه,29,8,21,0
463,451,2,روشنا(ی) ۲۱۶-۲۱۵ زره,زر ع,52,1,23,28
463,451,3,ره,۳,26,14,9,3
464,452,1,سادات,سبزیجات,34,24,7,3
464,452,2,سجود,سرشك ۰۲۸ ۲۲۹,28,20,5,3
464,452,3,سکونت کردن,سلامتی ۲۳۲,27,21,6,0
465,453,1,سوقات,شالده,30,20,10,0
465,453,2,شباهت,شر Sa,27,6,19,2
465,453,3,"Lal, فهرست",میله,35,14,15,6
466,454,1,شناخت,صخره,28,14,10,4
466,454,2,صدا,ضجر ۲۲۰-۲۱٩,33,17,8,8
466,454,3,VA طاس,طوطیا ۱۱٩,31,22,7,2
467,455,1,طیبات,عده,27,6,21,0
467,455,2,عراده,غدا,31,18,10,3
467,455,3,مل,بث,29,19,5,5
468,456,1,غراییات,Je و غش,29,24,1,4
468,456,2,غمز,۶,27,12,4,11
468,456,3,فاکتور,فراز,30,18,2,10
469,457,1,فرق کردن از,فکر کردن YAY,30,23,2,5
469,457,2,کردن به Ss,قانونگذاری,33,17,11,5
469,457,3,حط,فشر,29,23,5,1
470,458,1,"Leal, فهرست",کانال,31,24,4,3
470,458,2,کبار,کلمات قصار,27,25,1,1
470,458,3,کلمه قصار,۸,29,25,1,3
471,459,1,کین,کستره,27,25,1,1
471,459,2,SJ ۳۲۵-۳۲۴ گشتن,لحیم,54,3,23,28
471,459,3,خت و عور,کن,28,17,10,1
472,460,1,مالیخولیا,ماهیانه,30,24,3,3
472,460,2,متوحه,محذور,24,19,3,2
472,460,3,محظور,۵,30,26,2,2
473,461,1,مرحبا,مسطره,30,23,6,1
473,461,2,مسطور,مشکاهة,32,13,17,2
473,461,3,نهرست راهنما,ماریف,27,17,1,9
474,462,1,معاف خواستن,مفاأسد,31,23,6,2
474,462,2,مفلو ج ۳۲,مقابله به مثل,26,24,1,1
474,462,3,ملالت,ملوك,29,24,5,0
475,463,1,مواجب,موَرخ,26,2,24,0
475,463,2,موروت ۳۷۳ میدا,میدان yal,53,4,22,27
475,463,3,بدانگاهی,پردن ۳۸۲-۲۸۱,23,13,8,2
476,464,1,YAY نامگذاری,۲,30,19,4,7
476,464,2,شیب,TAG نظاره,31,21,6,4
476,464,3,نفخه روح,نقیصه,29,26,2,1
477,465,1,نمایشات,نی لبك,28,15,11,2
477,465,2,وادی FY ولک,وفیعه,56,1,26,29
477,465,3,کن,۷,26,15,7,4
478,466,1,هل من مبارز,همیار,21,18,2,1
478,466,2,همیاری,یاری ۴۱٩,22,14,8,0
478,466,3,کردن Gol,یوس,19,15,0,4