letter,entries,pdf_start,pdf_end,qc_flags,headword_corrections
A,1994,4,41,616,120
B,824,42,56,295,31
C,2470,57,105,739,142
D,1430,106,134,432,71
E,1405,135,161,314,204
F,939,162,178,248,129
G,609,179,189,141,81
H,848,190,204,222,141
I,1682,205,236,516,446
J,177,237,240,43,26
K,106,241,243,32,12
L,928,244,260,234,154
M,1665,261,289,542,258
N,696,290,301,237,134
O,649,302,314,220,163
P,2801,315,367,2243,491
Q,89,368,369,81,14
R,1118,370,392,909,168
S,3052,393,447,2489,553
T,1091,448,467,921,188
U,638,468,480,520,82
V,575,481,492,438,99
W,427,493,501,338,71
X,12,502,502,9,1
Y,32,503,503,26,8
Z,76,504,505,70,9
